Milliseconds,Latitude,Longitude,Altitude
0,54.9298174,23.961274,96.45114173663391
100,54.9298174,23.961274,96.45114173663391
201,54.9298174,23.961274,96.45114173663391
300,54.9298174,23.961274,96.45114173663391
400,54.9298174,23.961274,96.45114173663391
500,54.9298174,23.961274,96.45114173663391
602,54.9298177,23.9612769,96.45478109123475
700,54.9298177,23.9612769,96.45478109123475
801,54.9298177,23.9612769,96.45478109123475
900,54.9298177,23.9612769,96.45478109123475
1000,54.9298177,23.9612769,96.45478109123475
1100,54.9298177,23.9612769,96.45478109123475
1200,54.9298177,23.9612769,96.45478109123475
1301,54.9298177,23.9612769,96.45478109123475
1400,54.9298177,23.9612769,96.45478109123475
1500,54.9298177,23.9612769,96.45478109123475
1600,54.9298178,23.9612803,96.45510646557666
1700,54.9298178,23.9612803,96.45510646557666
1800,54.9298178,23.9612803,96.45510646557666
1901,54.9298178,23.9612803,96.45510646557666
2000,54.9298178,23.9612803,96.45510646557666
2100,54.9298178,23.9612803,96.45510646557666
2200,54.9298178,23.9612803,96.45510646557666
2300,54.9298178,23.9612803,96.45510646557666
2401,54.9298178,23.9612803,96.45510646557666
2501,54.9298178,23.9612803,96.45510646557666
2600,54.9298179,23.9612838,96.45539108102132
2700,54.9298179,23.9612838,96.45539108102132
2801,54.9298179,23.9612838,96.45539108102132
2901,54.9298179,23.9612838,96.45539108102132
3000,54.9298179,23.9612838,96.45539108102132
3100,54.9298179,23.9612838,96.45539108102132
3200,54.9298179,23.9612838,96.45539108102132
3300,54.9298179,23.9612838,96.45539108102132
3400,54.9298179,23.9612838,96.45539108102132
3501,54.9298179,23.9612838,96.45539108102132
3602,54.929818,23.9612877,96.45561581970982
3700,54.929818,23.9612877,96.45561581970982
3800,54.929818,23.9612877,96.45561581970982
3900,54.929818,23.9612877,96.45561581970982
4000,54.929818,23.9612877,96.45561581970982
4100,54.929818,23.9612877,96.45561581970982
4201,54.929818,23.9612877,96.45561581970982
4300,54.929818,23.9612877,96.45561581970982
4400,54.929818,23.9612877,96.45561581970982
4500,54.929818,23.9612877,96.45561581970982
4600,54.9298184,23.9612913,96.45581291109329
4701,54.9298184,23.9612913,96.45581291109329
4800,54.9298184,23.9612913,96.45581291109329
4901,54.9298184,23.9612913,96.45581291109329
5000,54.9298184,23.9612913,96.45581291109329
5100,54.9298184,23.9612913,96.45581291109329
5201,54.9298184,23.9612913,96.45581291109329
5300,54.9298184,23.9612913,96.45581291109329
5400,54.9298184,23.9612913,96.45581291109329
5500,54.9298184,23.9612913,96.45581291109329
5601,54.9298186,23.9612945,96.45598958531593
5700,54.9298186,23.9612945,96.45598958531593
5800,54.9298186,23.9612945,96.45598958531593
5900,54.9298186,23.9612945,96.45598958531593
6001,54.9298186,23.9612945,96.45598958531593
6100,54.9298186,23.9612945,96.45598958531593
6200,54.9298186,23.9612945,96.45598958531593
6300,54.9298186,23.9612945,96.45598958531593
6401,54.9298186,23.9612945,96.45598958531593
6500,54.9298186,23.9612945,96.45598958531593
6600,54.9298188,23.9612985,96.45612417408921
6700,54.9298188,23.9612985,96.45612417408921
6800,54.9298188,23.9612985,96.45612417408921
7060,54.9298188,23.9612985,96.45612417408921
7060,54.9298188,23.9612985,96.45612417408921
7100,54.9298188,23.9612985,96.45612417408921
7201,54.9298188,23.9612985,96.45612417408921
7301,54.9298188,23.9612985,96.45612417408921
7400,54.9298188,23.9612985,96.45612417408921
7503,54.9298188,23.9612985,96.45612417408921
7600,54.929819,23.9613024,96.45622022664514
7700,54.929819,23.9613024,96.45622022664514
7801,54.929819,23.9613024,96.45622022664514
7900,54.929819,23.9613024,96.45622022664514
8001,54.929819,23.9613024,96.45622022664514
8101,54.929819,23.9613024,96.45622022664514
8200,54.929819,23.9613024,96.45622022664514
8300,54.929819,23.9613024,96.45622022664514
8401,54.929819,23.9613024,96.45622022664514
8500,54.929819,23.9613024,96.45622022664514
8600,54.9298192,23.9613059,96.45629684953096
8700,54.9298192,23.9613059,96.45629684953096
8800,54.9298192,23.9613059,96.45629684953096
8901,54.9298192,23.9613059,96.45629684953096
9000,54.9298192,23.9613059,96.45629684953096
9100,54.9298192,23.9613059,96.45629684953096
9201,54.9298192,23.9613059,96.45629684953096
9300,54.9298192,23.9613059,96.45629684953096
9401,54.9298192,23.9613059,96.45629684953096
9500,54.9298192,23.9613059,96.45629684953096
9600,54.9298195,23.9613091,96.45633894353055
9700,54.9298195,23.9613091,96.45633894353055
9801,54.9298195,23.9613091,96.45633894353055
9900,54.9298195,23.9613091,96.45633894353055
10000,54.9298195,23.9613091,96.45633894353055
10100,54.9298195,23.9613091,96.45633894353055
10200,54.9298195,23.9613091,96.45633894353055
10300,54.9298195,23.9613091,96.45633894353055
10400,54.9298195,23.9613091,96.45633894353055
10500,54.9298195,23.9613091,96.45633894353055
10600,54.9298198,23.961312,96.45636656535967
10700,54.9298198,23.961312,96.45636656535967
10800,54.9298198,23.961312,96.45636656535967
10900,54.9298198,23.961312,96.45636656535967
11000,54.9298198,23.961312,96.45636656535967
11100,54.9298198,23.961312,96.45636656535967
11201,54.9298198,23.961312,96.45636656535967
11300,54.9298198,23.961312,96.45636656535967
11400,54.9298198,23.961312,96.45636656535967
11500,54.9298198,23.961312,96.45636656535967
11601,54.9298203,23.9613153,96.45638385076857
11700,54.9298203,23.9613153,96.45638385076857
11800,54.9298203,23.9613153,96.45638385076857
11900,54.9298203,23.9613153,96.45638385076857
12000,54.9298203,23.9613153,96.45638385076857
12101,54.9298203,23.9613153,96.45638385076857
12200,54.9298203,23.9613153,96.45638385076857
12301,54.9298203,23.9613153,96.45638385076857
12400,54.9298203,23.9613153,96.45638385076857
12500,54.9298203,23.9613153,96.45638385076857
12601,54.9298209,23.9613185,96.45638322429643
12700,54.9298209,23.9613185,96.45638322429643
12800,54.9298209,23.9613185,96.45638322429643
12900,54.9298209,23.9613185,96.45638322429643
13001,54.9298209,23.9613185,96.45638322429643
13101,54.9298209,23.9613185,96.45638322429643
13200,54.9298209,23.9613185,96.45638322429643
13300,54.9298209,23.9613185,96.45638322429643
13400,54.9298209,23.9613185,96.45638322429643
13501,54.9298209,23.9613185,96.45638322429643
13600,54.9298215,23.9613214,96.45638524329318
13701,54.9298215,23.9613214,96.45638524329318
13800,54.9298215,23.9613214,96.45638524329318
13900,54.9298215,23.9613214,96.45638524329318
14000,54.9298215,23.9613214,96.45638524329318
14101,54.9298215,23.9613214,96.45638524329318
14200,54.9298215,23.9613214,96.45638524329318
14300,54.9298215,23.9613214,96.45638524329318
14400,54.9298215,23.9613214,96.45638524329318
14501,54.9298215,23.9613214,96.45638524329318
14600,54.9298219,23.9613238,96.4563879224337
14700,54.9298219,23.9613238,96.4563879224337
14801,54.9298219,23.9613238,96.4563879224337
14900,54.9298219,23.9613238,96.4563879224337
15001,54.9298222,23.9613251,96.4563879224337
15100,54.9298222,23.9613251,96.4563879224337
15200,54.9298222,23.9613251,96.4563879224337
15300,54.9298222,23.9613251,96.4563879224337
15401,54.9298222,23.9613251,96.4563879224337
15501,54.9298222,23.9613251,96.4563879224337
15600,54.9298226,23.9613274,96.4563934676739
15700,54.9298226,23.9613274,96.4563934676739
15800,54.9298226,23.9613274,96.4563934676739
15900,54.9298226,23.9613274,96.4563934676739
16003,54.9298226,23.9613274,96.4563934676739
16100,54.9298226,23.9613274,96.4563934676739
16201,54.9298226,23.9613274,96.4563934676739
16300,54.9298226,23.9613274,96.4563934676739
16402,54.9298226,23.9613274,96.4563934676739
16500,54.9298226,23.9613274,96.4563934676739
16601,54.9298229,23.9613294,96.4563998772445
16700,54.9298229,23.9613294,96.4563998772445
16800,54.9298229,23.9613294,96.4563998772445
16901,54.9298229,23.9613294,96.4563998772445
17000,54.9298229,23.9613294,96.4563998772445
17100,54.9298229,23.9613294,96.4563998772445
17200,54.9298229,23.9613294,96.4563998772445
17300,54.9298229,23.9613294,96.4563998772445
17401,54.9298229,23.9613294,96.4563998772445
17501,54.9298229,23.9613294,96.4563998772445
17600,54.9298232,23.961331,96.45639909921996
17701,54.9298232,23.961331,96.45639909921996
17801,54.9298232,23.961331,96.45639909921996
17900,54.9298232,23.961331,96.45639909921996
18000,54.9298232,23.961331,96.45639909921996
18101,54.9298232,23.961331,96.45639909921996
18200,54.9298232,23.961331,96.45639909921996
18300,54.9298232,23.961331,96.45639909921996
18401,54.9298232,23.961331,96.45639909921996
18500,54.9298232,23.961331,96.45639909921996
18600,54.9298237,23.9613323,96.45639679572137
18700,54.9298237,23.9613323,96.45639679572137
18801,54.9298237,23.9613323,96.45639679572137
18900,54.9298237,23.9613323,96.45639679572137
19002,54.9298237,23.9613323,96.45639679572137
19101,54.9298237,23.9613323,96.45639679572137
19201,54.9298237,23.9613323,96.45639679572137
19300,54.9298237,23.9613323,96.45639679572137
19400,54.9298237,23.9613323,96.45639679572137
19500,54.9298237,23.9613323,96.45639679572137
19601,54.9298241,23.9613335,96.45638674349523
19700,54.9298241,23.9613335,96.45638674349523
19801,54.9298241,23.9613335,96.45638674349523
19900,54.9298241,23.9613335,96.45638674349523
20000,54.9298241,23.9613335,96.45638674349523
20100,54.9298241,23.9613335,96.45638674349523
20201,54.9298241,23.9613335,96.45638674349523
20300,54.9298241,23.9613335,96.45638674349523
20400,54.9298241,23.9613335,96.45638674349523
20500,54.9298241,23.9613335,96.45638674349523
20601,54.9298244,23.9613345,96.45636533800348
20700,54.9298244,23.9613345,96.45636533800348
20800,54.9298244,23.9613345,96.45636533800348
20900,54.9298244,23.9613345,96.45636533800348
21000,54.9298244,23.9613345,96.45636533800348
21100,54.9298244,23.9613345,96.45636533800348
21200,54.9298244,23.9613345,96.45636533800348
21300,54.9298244,23.9613345,96.45636533800348
21401,54.9298244,23.9613345,96.45636533800348
21500,54.9298244,23.9613345,96.45636533800348
21600,54.9298251,23.9613355,96.45633280429648
21700,54.9298251,23.9613355,96.45633280429648
21800,54.9298251,23.9613355,96.45633280429648
21901,54.9298251,23.9613355,96.45633280429648
22000,54.9298251,23.9613355,96.45633280429648
22100,54.9298251,23.9613355,96.45633280429648
22200,54.9298251,23.9613355,96.45633280429648
22303,54.9298251,23.9613355,96.45633280429648
22400,54.9298251,23.9613355,96.45633280429648
22500,54.9298251,23.9613355,96.45633280429648
22601,54.9298256,23.9613363,96.45630139470104
22700,54.9298256,23.9613363,96.45630139470104
22801,54.9298256,23.9613363,96.45630139470104
22900,54.9298256,23.9613363,96.45630139470104
23000,54.9298256,23.9613363,96.45630139470104
23101,54.9298256,23.9613363,96.45630139470104
23200,54.9298256,23.9613363,96.45630139470104
23300,54.9298256,23.9613363,96.45630139470104
23400,54.9298256,23.9613363,96.45630139470104
23500,54.9298256,23.9613363,96.45630139470104
23601,54.9298261,23.9613369,96.45626256695543
23700,54.9298261,23.9613369,96.45626256695543
23800,54.9298261,23.9613369,96.45626256695543
23900,54.9298261,23.9613369,96.45626256695543
24000,54.9298261,23.9613369,96.45626256695543
24100,54.9298261,23.9613369,96.45626256695543
24201,54.9298261,23.9613369,96.45626256695543
24300,54.9298261,23.9613369,96.45626256695543
24400,54.9298261,23.9613369,96.45626256695543
24500,54.9298261,23.9613369,96.45626256695543
24600,54.9298267,23.9613375,96.45621092526268
24700,54.9298267,23.9613375,96.45621092526268
24801,54.9298267,23.9613375,96.45621092526268
24900,54.9298267,23.9613375,96.45621092526268
25002,54.9298267,23.9613375,96.45621092526268
25101,54.9298267,23.9613375,96.45621092526268
25200,54.9298267,23.9613375,96.45621092526268
25300,54.9298267,23.9613375,96.45621092526268
25400,54.9298267,23.9613375,96.45621092526268
25501,54.9298267,23.9613375,96.45621092526268
25601,54.9298273,23.961338,96.45614466786961
25700,54.9298273,23.961338,96.45614466786961
25801,54.9298273,23.961338,96.45614466786961
25900,54.9298273,23.961338,96.45614466786961
26000,54.9298273,23.961338,96.45614466786961
26101,54.9298273,23.961338,96.45614466786961
26200,54.9298273,23.961338,96.45614466786961
26300,54.9298273,23.961338,96.45614466786961
26400,54.9298273,23.961338,96.45614466786961
26500,54.9298273,23.961338,96.45614466786961
26600,54.9298277,23.9613385,96.45605337823493
26701,54.9298277,23.9613385,96.45605337823493
26800,54.9298277,23.9613385,96.45605337823493
26900,54.9298277,23.9613385,96.45605337823493
27002,54.9298277,23.9613385,96.45605337823493
27101,54.9298277,23.9613385,96.45605337823493
27200,54.9298277,23.9613385,96.45605337823493
27300,54.9298277,23.9613385,96.45605337823493
27401,54.9298277,23.9613385,96.45605337823493
27500,54.9298277,23.9613385,96.45605337823493
27601,54.9298282,23.9613382,96.4559278043331
27701,54.9298282,23.9613382,96.4559278043331
27800,54.9298282,23.9613382,96.4559278043331
27901,54.9298282,23.9613382,96.4559278043331
28000,54.9298282,23.9613382,96.4559278043331
28101,54.9298282,23.9613382,96.4559278043331
28200,54.9298282,23.9613382,96.4559278043331
28300,54.9298282,23.9613382,96.4559278043331
28401,54.9298282,23.9613382,96.4559278043331
28500,54.9298282,23.9613382,96.4559278043331
28600,54.9298287,23.9613378,96.45576379542337
28700,54.9298287,23.9613378,96.45576379542337
28801,54.9298287,23.9613378,96.45576379542337
28901,54.9298287,23.9613378,96.45576379542337
29000,54.9298287,23.9613378,96.45576379542337
29100,54.9298287,23.9613378,96.45576379542337
29201,54.9298287,23.9613378,96.45576379542337
29300,54.9298287,23.9613378,96.45576379542337
29400,54.9298287,23.9613378,96.45576379542337
29500,54.9298287,23.9613378,96.45576379542337
29600,54.9298293,23.9613377,96.45557332298505
29700,54.9298293,23.9613377,96.45557332298505
29801,54.9298293,23.9613377,96.45557332298505
29900,54.9298293,23.9613377,96.45557332298505
30001,54.9298293,23.9613377,96.45557332298505
30100,54.9298293,23.9613377,96.45557332298505
30200,54.9298293,23.9613377,96.45557332298505
30300,54.9298293,23.9613377,96.45557332298505
30400,54.9298293,23.9613377,96.45557332298505
30500,54.9298293,23.9613377,96.45557332298505
30601,54.9298299,23.9613376,96.45537044868937
30700,54.9298299,23.9613376,96.45537044868937
30801,54.9298299,23.9613376,96.45537044868937
30900,54.9298299,23.9613376,96.45537044868937
31001,54.9298299,23.9613376,96.45537044868937
31101,54.9298299,23.9613376,96.45537044868937
31204,54.9298299,23.9613376,96.45537044868937
31300,54.9298299,23.9613376,96.45537044868937
31401,54.9298299,23.9613376,96.45537044868937
31500,54.9298299,23.9613376,96.45537044868937
31601,54.9298303,23.9613376,96.45515709672651
31701,54.9298303,23.9613376,96.45515709672651
31801,54.9298303,23.9613376,96.45515709672651
31900,54.9298303,23.9613376,96.45515709672651
32000,54.9298303,23.9613376,96.45515709672651
32100,54.9298303,23.9613376,96.45515709672651
32200,54.9298303,23.9613376,96.45515709672651
32301,54.9298303,23.9613376,96.45515709672651
32400,54.9298303,23.9613376,96.45515709672651
32500,54.9298303,23.9613376,96.45515709672651
32600,54.9298308,23.9613372,96.454935710223
32701,54.9298308,23.9613372,96.454935710223
32800,54.9298308,23.9613372,96.454935710223
32900,54.9298308,23.9613372,96.454935710223
33000,54.9298308,23.9613372,96.454935710223
33100,54.9298308,23.9613372,96.454935710223
33200,54.9298308,23.9613372,96.454935710223
33300,54.9298308,23.9613372,96.454935710223
33400,54.9298308,23.9613372,96.454935710223
33503,54.9298308,23.9613372,96.454935710223
33601,54.9298312,23.9613371,96.45469967159256
33700,54.9298312,23.9613371,96.45469967159256
33801,54.9298312,23.9613371,96.45469967159256
33900,54.9298312,23.9613371,96.45469967159256
34000,54.9298312,23.9613371,96.45469967159256
34100,54.9298312,23.9613371,96.45469967159256
34201,54.9298312,23.9613371,96.45469967159256
34300,54.9298312,23.9613371,96.45469967159256
34400,54.9298312,23.9613371,96.45469967159256
34501,54.9298312,23.9613371,96.45469967159256
34601,54.9298316,23.9613368,96.45445060112648
34700,54.9298316,23.9613368,96.45445060112648
34801,54.9298316,23.9613368,96.45445060112648
34900,54.9298316,23.9613368,96.45445060112648
35000,54.9298318,23.9613366,96.45445060112648
35100,54.9298318,23.9613366,96.45445060112648
35200,54.9298318,23.9613366,96.45445060112648
35300,54.9298318,23.9613366,96.45445060112648
35400,54.9298318,23.9613366,96.45445060112648
35500,54.9298318,23.9613366,96.45445060112648
35600,54.929832,23.9613363,96.45416727948493
35700,54.929832,23.9613363,96.45416727948493
35801,54.929832,23.9613363,96.45416727948493
35900,54.929832,23.9613363,96.45416727948493
36000,54.929832,23.9613363,96.45416727948493
36101,54.929832,23.9613363,96.45416727948493
36200,54.929832,23.9613363,96.45416727948493
36300,54.929832,23.9613363,96.45416727948493
36400,54.929832,23.9613363,96.45416727948493
36501,54.929832,23.9613363,96.45416727948493
36600,54.9298322,23.961336,96.45386701055794
36700,54.9298322,23.961336,96.45386701055794
36800,54.9298322,23.961336,96.45386701055794
36900,54.9298322,23.961336,96.45386701055794
37000,54.9298322,23.961336,96.45386701055794
37100,54.9298322,23.961336,96.45386701055794
37201,54.9298322,23.961336,96.45386701055794
37300,54.9298322,23.961336,96.45386701055794
37400,54.9298322,23.961336,96.45386701055794
37501,54.9298322,23.961336,96.45386701055794
37600,54.9298322,23.961336,96.45386701055794
37701,54.9298323,23.9613358,96.45355234653927
37800,54.9298323,23.9613358,96.45355234653927
37900,54.9298323,23.9613358,96.45355234653927
38001,54.9298323,23.9613358,96.45355234653927
38100,54.9298323,23.9613358,96.45355234653927
38200,54.9298323,23.9613358,96.45355234653927
38300,54.9298323,23.9613358,96.45355234653927
38401,54.9298323,23.9613358,96.45355234653927
38500,54.9298323,23.9613358,96.45355234653927
38600,54.9298325,23.9613352,96.4532334580641
38701,54.9298325,23.9613352,96.4532334580641
38801,54.9298325,23.9613352,96.4532334580641
38900,54.9298325,23.9613352,96.4532334580641
39000,54.9298325,23.9613352,96.4532334580641
39100,54.9298325,23.9613352,96.4532334580641
39201,54.9298325,23.9613352,96.4532334580641
39300,54.9298325,23.9613352,96.4532334580641
39400,54.9298325,23.9613352,96.4532334580641
39501,54.9298325,23.9613352,96.4532334580641
39601,54.9298326,23.9613344,96.45288791929042
39700,54.9298326,23.9613344,96.45288791929042
39800,54.9298326,23.9613344,96.45288791929042
39900,54.9298326,23.9613344,96.45288791929042
40000,54.9298326,23.9613344,96.45288791929042
40101,54.9298326,23.9613344,96.45288791929042
40200,54.9298326,23.9613344,96.45288791929042
40300,54.9298326,23.9613344,96.45288791929042
40401,54.9298326,23.9613344,96.45288791929042
40500,54.9298326,23.9613344,96.45288791929042
40601,54.9298328,23.9613341,96.4525154853857
40700,54.9298328,23.9613341,96.4525154853857
40801,54.9298328,23.9613341,96.4525154853857
40900,54.9298328,23.9613341,96.4525154853857
41000,54.9298328,23.9613341,96.4525154853857
41100,54.9298328,23.9613341,96.4525154853857
41201,54.9298328,23.9613341,96.4525154853857
41300,54.9298328,23.9613341,96.4525154853857
41400,54.9298328,23.9613341,96.4525154853857
41500,54.9298328,23.9613341,96.4525154853857
41600,54.929833,23.9613339,96.45212042084783
41701,54.929833,23.9613339,96.45212042084783
41800,54.929833,23.9613339,96.45212042084783
41900,54.929833,23.9613339,96.45212042084783
42001,54.929833,23.9613339,96.45212042084783
42100,54.929833,23.9613339,96.45212042084783
42200,54.929833,23.9613339,96.45212042084783
42300,54.929833,23.9613339,96.45212042084783
42400,54.929833,23.9613339,96.45212042084783
42501,54.929833,23.9613339,96.45212042084783
42600,54.9298331,23.9613333,96.45171947519316
42700,54.9298331,23.9613333,96.45171947519316
42800,54.9298331,23.9613333,96.45171947519316
42900,54.9298331,23.9613333,96.45171947519316
43000,54.9298331,23.9613333,96.45171947519316
43102,54.9298331,23.9613333,96.45171947519316
43200,54.9298331,23.9613333,96.45171947519316
43300,54.9298331,23.9613333,96.45171947519316
43400,54.9298331,23.9613333,96.45171947519316
43501,54.9298331,23.9613333,96.45171947519316
43601,54.9298333,23.9613331,96.45129979566714
43701,54.9298333,23.9613331,96.45129979566714
43801,54.9298333,23.9613331,96.45129979566714
43903,54.9298333,23.9613331,96.45129979566714
44001,54.9298333,23.9613331,96.45129979566714
44100,54.9298333,23.9613331,96.45129979566714
44201,54.9298333,23.9613331,96.45129979566714
44300,54.9298333,23.9613331,96.45129979566714
44401,54.9298333,23.9613331,96.45129979566714
44500,54.9298333,23.9613331,96.45129979566714
44600,54.9298335,23.9613328,96.4508621584714
44701,54.9298335,23.9613328,96.4508621584714
44800,54.9298335,23.9613328,96.4508621584714
44901,54.9298335,23.9613328,96.4508621584714
45000,54.9298335,23.9613328,96.4508621584714
45100,54.9298335,23.9613328,96.4508621584714
45200,54.9298335,23.9613328,96.4508621584714
45300,54.9298335,23.9613328,96.4508621584714
45401,54.9298335,23.9613328,96.4508621584714
45500,54.9298335,23.9613328,96.4508621584714
45600,54.9298338,23.9613321,96.45042410637366
45700,54.9298338,23.9613321,96.45042410637366
45800,54.9298338,23.9613321,96.45042410637366
45900,54.9298338,23.9613321,96.45042410637366
46001,54.9298338,23.9613321,96.45042410637366
46101,54.9298338,23.9613321,96.45042410637366
46200,54.9298338,23.9613321,96.45042410637366
46300,54.9298338,23.9613321,96.45042410637366
46400,54.9298338,23.9613321,96.45042410637366
46501,54.9298338,23.9613321,96.45042410637366
46600,54.9298339,23.9613307,96.44998550871428
46700,54.9298339,23.9613307,96.44998550871428
46800,54.9298339,23.9613307,96.44998550871428
46900,54.9298339,23.9613307,96.44998550871428
47001,54.9298339,23.9613307,96.44998550871428
47100,54.9298339,23.9613307,96.44998550871428
47200,54.9298339,23.9613307,96.44998550871428
47300,54.9298339,23.9613307,96.44998550871428
47400,54.9298339,23.9613307,96.44998550871428
47501,54.9298339,23.9613307,96.44998550871428
47600,54.9298341,23.9613294,96.44954121254935
47700,54.9298341,23.9613294,96.44954121254935
47800,54.9298341,23.9613294,96.44954121254935
47900,54.9298341,23.9613294,96.44954121254935
48001,54.9298341,23.9613294,96.44954121254935
48100,54.9298341,23.9613294,96.44954121254935
48200,54.9298341,23.9613294,96.44954121254935
48300,54.9298341,23.9613294,96.44954121254935
48400,54.9298341,23.9613294,96.44954121254935
48500,54.9298341,23.9613294,96.44954121254935
48601,54.9298341,23.9613282,96.44909678215984
48700,54.9298341,23.9613282,96.44909678215984
48802,54.9298341,23.9613282,96.44909678215984
48900,54.9298341,23.9613282,96.44909678215984
49000,54.9298341,23.9613282,96.44909678215984
49101,54.9298341,23.9613282,96.44909678215984
49200,54.9298341,23.9613282,96.44909678215984
49303,54.9298341,23.9613282,96.44909678215984
49401,54.9298341,23.9613282,96.44909678215984
49500,54.9298341,23.9613282,96.44909678215984
49600,54.9298342,23.9613269,96.44864800182792
49700,54.9298342,23.9613269,96.44864800182792
49800,54.9298342,23.9613269,96.44864800182792
49901,54.9298342,23.9613269,96.44864800182792
50000,54.9298342,23.9613269,96.44864800182792
50103,54.9298342,23.9613269,96.44864800182792
50201,54.9298342,23.9613269,96.44864800182792
50300,54.9298342,23.9613269,96.44864800182792
50401,54.9298342,23.9613269,96.44864800182792
50500,54.9298342,23.9613269,96.44864800182792
50600,54.9298343,23.9613261,96.44818745473718
50700,54.9298343,23.9613261,96.44818745473718
50805,54.9298343,23.9613261,96.44818745473718
50900,54.9298343,23.9613261,96.44818745473718
51000,54.9298343,23.9613261,96.44818745473718
51101,54.9298343,23.9613261,96.44818745473718
51200,54.9298343,23.9613261,96.44818745473718
51301,54.9298343,23.9613261,96.44818745473718
51400,54.9298343,23.9613261,96.44818745473718
51500,54.9298343,23.9613261,96.44818745473718
51601,54.9298345,23.9613257,96.44771843383873
51700,54.9298345,23.9613257,96.44771843383873
51800,54.9298345,23.9613257,96.44771843383873
51903,54.9298345,23.9613257,96.44771843383873
52000,54.9298345,23.9613257,96.44771843383873
52101,54.9298345,23.9613257,96.44771843383873
52200,54.9298345,23.9613257,96.44771843383873
52300,54.9298345,23.9613257,96.44771843383873
52400,54.9298345,23.9613257,96.44771843383873
52501,54.9298345,23.9613257,96.44771843383873
52600,54.9298349,23.9613257,96.44724305087611
52700,54.9298349,23.9613257,96.44724305087611
52800,54.9298349,23.9613257,96.44724305087611
52901,54.9298349,23.9613257,96.44724305087611
53000,54.9298349,23.9613257,96.44724305087611
53100,54.9298349,23.9613257,96.44724305087611
53201,54.9298349,23.9613257,96.44724305087611
53301,54.9298349,23.9613257,96.44724305087611
53401,54.9298349,23.9613257,96.44724305087611
53500,54.9298349,23.9613257,96.44724305087611
53600,54.9298354,23.9613261,96.44675202122248
53702,54.9298354,23.9613261,96.44675202122248
53800,54.9298354,23.9613261,96.44675202122248
53900,54.9298354,23.9613261,96.44675202122248
54002,54.9298354,23.9613261,96.44675202122248
54100,54.9298354,23.9613261,96.44675202122248
54200,54.9298354,23.9613261,96.44675202122248
54300,54.9298354,23.9613261,96.44675202122248
54401,54.9298354,23.9613261,96.44675202122248
54500,54.9298354,23.9613261,96.44675202122248
54600,54.929836,23.9613265,96.44625351120656
54700,54.929836,23.9613265,96.44625351120656
54801,54.929836,23.9613265,96.44625351120656
54900,54.929836,23.9613265,96.44625351120656
55000,54.929836,23.9613265,96.44625351120656
55100,54.9298363,23.9613268,96.44625351120656
55201,54.9298363,23.9613268,96.44625351120656
55302,54.9298363,23.9613268,96.44625351120656
55400,54.9298363,23.9613268,96.44625351120656
55501,54.9298363,23.9613268,96.44625351120656
55600,54.9298368,23.9613273,96.44573852385493
55701,54.9298368,23.9613273,96.44573852385493
55800,54.9298368,23.9613273,96.44573852385493
55900,54.9298368,23.9613273,96.44573852385493
56001,54.9298368,23.9613273,96.44573852385493
56100,54.9298368,23.9613273,96.44573852385493
56200,54.9298368,23.9613273,96.44573852385493
56301,54.9298368,23.9613273,96.44573852385493
56400,54.9298368,23.9613273,96.44573852385493
56500,54.9298368,23.9613273,96.44573852385493
56601,54.9298373,23.961328,96.44522049557486
56700,54.9298373,23.961328,96.44522049557486
56800,54.9298373,23.961328,96.44522049557486
56900,54.9298373,23.961328,96.44522049557486
57001,54.9298373,23.961328,96.44522049557486
57100,54.9298373,23.961328,96.44522049557486
57200,54.9298373,23.961328,96.44522049557486
57301,54.9298373,23.961328,96.44522049557486
57400,54.9298373,23.961328,96.44522049557486
57500,54.9298373,23.961328,96.44522049557486
57600,54.9298377,23.9613288,96.44469914440202
57701,54.9298377,23.9613288,96.44469914440202
57800,54.9298377,23.9613288,96.44469914440202
57902,54.9298377,23.9613288,96.44469914440202
58001,54.9298377,23.9613288,96.44469914440202
58100,54.9298377,23.9613288,96.44469914440202
58200,54.9298377,23.9613288,96.44469914440202
58300,54.9298377,23.9613288,96.44469914440202
58401,54.9298377,23.9613288,96.44469914440202
58501,54.9298377,23.9613288,96.44469914440202
58600,54.9298381,23.9613295,96.4441821490588
58700,54.9298381,23.9613295,96.4441821490588
58801,54.9298381,23.9613295,96.4441821490588
58900,54.9298381,23.9613295,96.4441821490588
59000,54.9298381,23.9613295,96.4441821490588
59100,54.9298381,23.9613295,96.4441821490588
59200,54.9298381,23.9613295,96.4441821490588
59301,54.9298381,23.9613295,96.4441821490588
59400,54.9298381,23.9613295,96.4441821490588
59500,54.9298381,23.9613295,96.4441821490588
59601,54.9298383,23.96133,96.44365311995226
59700,54.9298383,23.96133,96.44365311995226
59800,54.9298383,23.96133,96.44365311995226
59900,54.9298383,23.96133,96.44365311995226
60000,54.9298383,23.96133,96.44365311995226
60100,54.9298383,23.96133,96.44365311995226
60201,54.9298383,23.96133,96.44365311995226
60300,54.9298383,23.96133,96.44365311995226
60400,54.9298383,23.96133,96.44365311995226
60501,54.9298383,23.96133,96.44365311995226
60600,54.9298384,23.9613302,96.44311227567957
60700,54.9298384,23.9613302,96.44311227567957
60801,54.9298384,23.9613302,96.44311227567957
60900,54.9298384,23.9613302,96.44311227567957
61000,54.9298384,23.9613302,96.44311227567957
61100,54.9298384,23.9613302,96.44311227567957
61200,54.9298384,23.9613302,96.44311227567957
61301,54.9298384,23.9613302,96.44311227567957
61400,54.9298384,23.9613302,96.44311227567957
61502,54.9298384,23.9613302,96.44311227567957
61602,54.9298383,23.9613301,96.4425492457798
61700,54.9298383,23.9613301,96.4425492457798
61802,54.9298383,23.9613301,96.4425492457798
61900,54.9298383,23.9613301,96.4425492457798
62001,54.9298383,23.9613301,96.4425492457798
62101,54.9298383,23.9613301,96.4425492457798
62200,54.9298383,23.9613301,96.4425492457798
62300,54.9298383,23.9613301,96.4425492457798
62400,54.9298383,23.9613301,96.4425492457798
62500,54.9298383,23.9613301,96.4425492457798
62601,54.929838,23.9613289,96.44196611720669
62701,54.929838,23.9613289,96.44196611720669
62800,54.929838,23.9613289,96.44196611720669
62900,54.929838,23.9613289,96.44196611720669
63001,54.929838,23.9613289,96.44196611720669
63100,54.929838,23.9613289,96.44196611720669
63200,54.929838,23.9613289,96.44196611720669
63300,54.929838,23.9613289,96.44196611720669
63402,54.929838,23.9613289,96.44196611720669
63500,54.929838,23.9613289,96.44196611720669
63601,54.9298377,23.9613275,96.44135286845358
63700,54.9298377,23.9613275,96.44135286845358
63800,54.9298377,23.9613275,96.44135286845358
63901,54.9298377,23.9613275,96.44135286845358
64000,54.9298377,23.9613275,96.44135286845358
64100,54.9298377,23.9613275,96.44135286845358
64200,54.9298377,23.9613275,96.44135286845358
64301,54.9298377,23.9613275,96.44135286845358
64400,54.9298377,23.9613275,96.44135286845358
64500,54.9298377,23.9613275,96.44135286845358
64600,54.9298373,23.9613258,96.44071490367861
64701,54.9298373,23.9613258,96.44071490367861
64800,54.9298373,23.9613258,96.44071490367861
64901,54.9298373,23.9613258,96.44071490367861
65000,54.9298373,23.9613258,96.44071490367861
65101,54.9298373,23.9613258,96.44071490367861
65200,54.9298373,23.9613258,96.44071490367861
65300,54.9298373,23.9613258,96.44071490367861
65401,54.9298373,23.9613258,96.44071490367861
65500,54.9298373,23.9613258,96.44071490367861
65600,54.929837,23.9613242,96.44005882199953
65700,54.929837,23.9613242,96.44005882199953
65800,54.929837,23.9613242,96.44005882199953
65900,54.929837,23.9613242,96.44005882199953
66000,54.929837,23.9613242,96.44005882199953
66101,54.929837,23.9613242,96.44005882199953
66200,54.929837,23.9613242,96.44005882199953
66300,54.929837,23.9613242,96.44005882199953
66400,54.929837,23.9613242,96.44005882199953
66500,54.929837,23.9613242,96.44005882199953
66601,54.9298369,23.9613227,96.43939087526763
66700,54.9298369,23.9613227,96.43939087526763
66800,54.9298369,23.9613227,96.43939087526763
66900,54.9298369,23.9613227,96.43939087526763
67001,54.9298369,23.9613227,96.43939087526763
67100,54.9298369,23.9613227,96.43939087526763
67200,54.9298369,23.9613227,96.43939087526763
67300,54.9298369,23.9613227,96.43939087526763
67400,54.9298369,23.9613227,96.43939087526763
67501,54.9298369,23.9613227,96.43939087526763
67600,54.9298368,23.961321,96.43871422340017
67700,54.9298368,23.961321,96.43871422340017
67801,54.9298368,23.961321,96.43871422340017
67901,54.9298368,23.961321,96.43871422340017
68000,54.9298368,23.961321,96.43871422340017
68100,54.9298368,23.961321,96.43871422340017
68200,54.9298368,23.961321,96.43871422340017
68300,54.9298368,23.961321,96.43871422340017
68401,54.9298368,23.961321,96.43871422340017
68500,54.9298368,23.961321,96.43871422340017
68601,54.9298367,23.9613189,96.43802276296712
68701,54.9298367,23.9613189,96.43802276296712
68800,54.9298367,23.9613189,96.43802276296712
68900,54.9298367,23.9613189,96.43802276296712
69000,54.9298367,23.9613189,96.43802276296712
69100,54.9298367,23.9613189,96.43802276296712
69201,54.9298367,23.9613189,96.43802276296712
69300,54.9298367,23.9613189,96.43802276296712
69401,54.9298367,23.9613189,96.43802276296712
69500,54.9298367,23.9613189,96.43802276296712
69601,54.9298366,23.9613167,96.43732281870601
69700,54.9298366,23.9613167,96.43732281870601
69800,54.9298366,23.9613167,96.43732281870601
69901,54.9298366,23.9613167,96.43732281870601
70000,54.9298366,23.9613167,96.43732281870601
70100,54.9298366,23.9613167,96.43732281870601
70201,54.9298366,23.9613167,96.43732281870601
70300,54.9298366,23.9613167,96.43732281870601
70401,54.9298366,23.9613167,96.43732281870601
70500,54.9298366,23.9613167,96.43732281870601
70600,54.9298367,23.9613148,96.4366136762772
70701,54.9298367,23.9613148,96.4366136762772
70800,54.9298367,23.9613148,96.4366136762772
70900,54.9298367,23.9613148,96.4366136762772
71000,54.9298367,23.9613148,96.4366136762772
71100,54.9298367,23.9613148,96.4366136762772
71201,54.9298367,23.9613148,96.4366136762772
71300,54.9298367,23.9613148,96.4366136762772
71400,54.9298367,23.9613148,96.4366136762772
71500,54.9298367,23.9613148,96.4366136762772
71601,54.9298368,23.961313,96.43589069565003
71700,54.9298368,23.961313,96.43589069565003
71800,54.9298368,23.961313,96.43589069565003
71900,54.9298368,23.961313,96.43589069565003
72000,54.9298368,23.961313,96.43589069565003
72101,54.9298368,23.961313,96.43589069565003
72200,54.9298368,23.961313,96.43589069565003
72302,54.9298368,23.961313,96.43589069565003
72401,54.9298368,23.961313,96.43589069565003
72500,54.9298368,23.961313,96.43589069565003
72600,54.9298368,23.961313,96.43589069565003
72700,54.9298368,23.9613109,96.43515864505208
72800,54.9298368,23.9613109,96.43515864505208
72901,54.9298368,23.9613109,96.43515864505208
73000,54.9298368,23.9613109,96.43515864505208
73100,54.9298368,23.9613109,96.43515864505208
73200,54.9298368,23.9613109,96.43515864505208
73302,54.9298368,23.9613109,96.43515864505208
73400,54.9298368,23.9613109,96.43515864505208
73500,54.9298368,23.9613109,96.43515864505208
73601,54.9298369,23.9613092,96.43441181068823
73700,54.9298369,23.9613092,96.43441181068823
73800,54.9298369,23.9613092,96.43441181068823
73902,54.9298369,23.9613092,96.43441181068823
74000,54.9298369,23.9613092,96.43441181068823
74100,54.9298369,23.9613092,96.43441181068823
74201,54.9298369,23.9613092,96.43441181068823
74300,54.9298369,23.9613092,96.43441181068823
74400,54.9298369,23.9613092,96.43441181068823
74500,54.9298369,23.9613092,96.43441181068823
74601,54.9298371,23.9613084,96.43365450807927
74700,54.9298371,23.9613084,96.43365450807927
74802,54.9298371,23.9613084,96.43365450807927
74900,54.9298371,23.9613084,96.43365450807927
75001,54.9298371,23.9613084,96.43365450807927
75101,54.9298371,23.961308,96.43365450807927
75200,54.9298371,23.961308,96.43365450807927
75301,54.9298371,23.961308,96.43365450807927
75400,54.9298371,23.961308,96.43365450807927
75500,54.9298371,23.961308,96.43365450807927
75600,54.9298372,23.9613069,96.4328835926408
75700,54.9298372,23.9613069,96.4328835926408
75801,54.9298372,23.9613069,96.4328835926408
75900,54.9298372,23.9613069,96.4328835926408
76000,54.9298372,23.9613069,96.4328835926408
76100,54.9298372,23.9613069,96.4328835926408
76200,54.9298372,23.9613069,96.4328835926408
76301,54.9298372,23.9613069,96.4328835926408
76400,54.9298372,23.9613069,96.4328835926408
76500,54.9298372,23.9613069,96.4328835926408
76600,54.9298373,23.9613063,96.43209750563219
76701,54.9298373,23.9613063,96.43209750563219
76800,54.9298373,23.9613063,96.43209750563219
76900,54.9298373,23.9613063,96.43209750563219
77000,54.9298373,23.9613063,96.43209750563219
77100,54.9298373,23.9613063,96.43209750563219
77200,54.9298373,23.9613063,96.43209750563219
77302,54.9298373,23.9613063,96.43209750563219
77400,54.9298373,23.9613063,96.43209750563219
77500,54.9298373,23.9613063,96.43209750563219
77600,54.9298375,23.9613057,96.43129576643535
77701,54.9298375,23.9613057,96.43129576643535
77800,54.9298375,23.9613057,96.43129576643535
77900,54.9298375,23.9613057,96.43129576643535
78000,54.9298375,23.9613057,96.43129576643535
78101,54.9298375,23.9613057,96.43129576643535
78200,54.9298375,23.9613057,96.43129576643535
78300,54.9298375,23.9613057,96.43129576643535
78400,54.9298375,23.9613057,96.43129576643535
78500,54.9298375,23.9613057,96.43129576643535
78602,54.9298376,23.9613054,96.43049609719375
78700,54.9298376,23.9613054,96.43049609719375
78801,54.9298376,23.9613054,96.43049609719375
78900,54.9298376,23.9613054,96.43049609719375
79000,54.9298376,23.9613054,96.43049609719375
79100,54.9298376,23.9613054,96.43049609719375
79200,54.9298376,23.9613054,96.43049609719375
79300,54.9298376,23.9613054,96.43049609719375
79401,54.9298376,23.9613054,96.43049609719375
79500,54.9298376,23.9613054,96.43049609719375
79600,54.9298377,23.9613051,96.42970317265043
79700,54.9298377,23.9613051,96.42970317265043
79800,54.9298377,23.9613051,96.42970317265043
79903,54.9298377,23.9613051,96.42970317265043
80000,54.9298377,23.9613051,96.42970317265043
80101,54.9298377,23.9613051,96.42970317265043
80200,54.9298377,23.9613051,96.42970317265043
80302,54.9298377,23.9613051,96.42970317265043
80401,54.9298377,23.9613051,96.42970317265043
80501,54.9298377,23.9613051,96.42970317265043
80600,54.9298378,23.9613051,96.42890813283994
80701,54.9298378,23.9613051,96.42890813283994
80800,54.9298378,23.9613051,96.42890813283994
80901,54.9298378,23.9613051,96.42890813283994
81000,54.9298378,23.9613051,96.42890813283994
81101,54.9298378,23.9613051,96.42890813283994
81200,54.9298378,23.9613051,96.42890813283994
81301,54.9298378,23.9613051,96.42890813283994
81400,54.9298378,23.9613051,96.42890813283994
81500,54.9298378,23.9613051,96.42890813283994
81601,54.9298379,23.9613053,96.42810743663064
81700,54.9298379,23.9613053,96.42810743663064
81800,54.9298379,23.9613053,96.42810743663064
81900,54.9298379,23.9613053,96.42810743663064
82000,54.9298379,23.9613053,96.42810743663064
82101,54.9298379,23.9613053,96.42810743663064
82200,54.9298379,23.9613053,96.42810743663064
82300,54.9298379,23.9613053,96.42810743663064
82400,54.9298379,23.9613053,96.42810743663064
82500,54.9298379,23.9613053,96.42810743663064
82602,54.9298378,23.9613052,96.4273135734264
82700,54.9298378,23.9613052,96.4273135734264
82801,54.9298378,23.9613052,96.4273135734264
82900,54.9298378,23.9613052,96.4273135734264
83000,54.9298378,23.9613052,96.4273135734264
83100,54.9298378,23.9613052,96.4273135734264
83200,54.9298378,23.9613052,96.4273135734264
83301,54.9298378,23.9613052,96.4273135734264
83400,54.9298378,23.9613052,96.4273135734264
83500,54.9298378,23.9613052,96.4273135734264
83601,54.9298375,23.9613049,96.4265281696681
83700,54.9298375,23.9613049,96.4265281696681
83800,54.9298375,23.9613049,96.4265281696681
83900,54.9298375,23.9613049,96.4265281696681
84001,54.9298375,23.9613049,96.4265281696681
84100,54.9298375,23.9613049,96.4265281696681
84200,54.9298375,23.9613049,96.4265281696681
84300,54.9298375,23.9613049,96.4265281696681
84401,54.9298375,23.9613049,96.4265281696681
84500,54.9298375,23.9613049,96.4265281696681
84600,54.9298375,23.9613053,96.42575225626344
84700,54.9298375,23.9613053,96.42575225626344
84801,54.9298375,23.9613053,96.42575225626344
84900,54.9298375,23.9613053,96.42575225626344
85000,54.9298375,23.9613053,96.42575225626344
85100,54.9298375,23.9613053,96.42575225626344
85200,54.9298375,23.9613053,96.42575225626344
85300,54.9298375,23.9613053,96.42575225626344
85401,54.9298375,23.9613053,96.42575225626344
85500,54.9298375,23.9613053,96.42575225626344
85601,54.9298374,23.9613058,96.42498052490104
85700,54.9298374,23.9613058,96.42498052490104
85800,54.9298374,23.9613058,96.42498052490104
85900,54.9298374,23.9613058,96.42498052490104
86001,54.9298374,23.9613058,96.42498052490104
86101,54.9298374,23.9613058,96.42498052490104
86201,54.9298374,23.9613058,96.42498052490104
86301,54.9298374,23.9613058,96.42498052490104
86400,54.9298374,23.9613058,96.42498052490104
86500,54.9298374,23.9613058,96.42498052490104
86601,54.9298373,23.9613065,96.42420436572941
86700,54.9298373,23.9613065,96.42420436572941
86800,54.9298373,23.9613065,96.42420436572941
86900,54.9298373,23.9613065,96.42420436572941
87000,54.9298373,23.9613065,96.42420436572941
87101,54.9298373,23.9613065,96.42420436572941
87200,54.9298373,23.9613065,96.42420436572941
87300,54.9298373,23.9613065,96.42420436572941
87400,54.9298373,23.9613065,96.42420436572941
87501,54.9298373,23.9613065,96.42420436572941
87600,54.9298373,23.9613075,96.42342271927042
87700,54.9298373,23.9613075,96.42342271927042
87800,54.9298373,23.9613075,96.42342271927042
87901,54.9298373,23.9613075,96.42342271927042
88000,54.9298373,23.9613075,96.42342271927042
88100,54.9298373,23.9613075,96.42342271927042
88200,54.9298373,23.9613075,96.42342271927042
88301,54.9298373,23.9613075,96.42342271927042
88400,54.9298373,23.9613075,96.42342271927042
88501,54.9298373,23.9613075,96.42342271927042
88600,54.9298373,23.9613086,96.4226361631583
88700,54.9298373,23.9613086,96.4226361631583
88801,54.9298373,23.9613086,96.4226361631583
88900,54.9298373,23.9613086,96.4226361631583
89000,54.9298373,23.9613086,96.4226361631583
89100,54.9298373,23.9613086,96.4226361631583
89201,54.9298373,23.9613086,96.4226361631583
89300,54.9298373,23.9613086,96.4226361631583
89400,54.9298373,23.9613086,96.4226361631583
89500,54.9298373,23.9613086,96.4226361631583
89600,54.9298373,23.9613096,96.42183355135808
89701,54.9298373,23.9613096,96.42183355135808
89800,54.9298373,23.9613096,96.42183355135808
89900,54.9298373,23.9613096,96.42183355135808
90000,54.9298373,23.9613096,96.42183355135808
90100,54.9298373,23.9613096,96.42183355135808
90201,54.9298373,23.9613096,96.42183355135808
90300,54.9298373,23.9613096,96.42183355135808
90400,54.9298373,23.9613096,96.42183355135808
90500,54.9298373,23.9613096,96.42183355135808
90600,54.9298373,23.9613105,96.42102351105788
90700,54.9298373,23.9613105,96.42102351105788
90800,54.9298373,23.9613105,96.42102351105788
90901,54.9298373,23.9613105,96.42102351105788
91000,54.9298373,23.9613105,96.42102351105788
91100,54.9298373,23.9613105,96.42102351105788
91200,54.9298373,23.9613105,96.42102351105788
91300,54.9298373,23.9613105,96.42102351105788
91402,54.9298373,23.9613105,96.42102351105788
91500,54.9298373,23.9613105,96.42102351105788
91600,54.9298374,23.9613118,96.4202093132108
91701,54.9298374,23.9613118,96.4202093132108
91800,54.9298374,23.9613118,96.4202093132108
91900,54.9298374,23.9613118,96.4202093132108
92001,54.9298374,23.9613118,96.4202093132108
92100,54.9298374,23.9613118,96.4202093132108
92200,54.9298374,23.9613118,96.4202093132108
92301,54.9298374,23.9613118,96.4202093132108
92400,54.9298374,23.9613118,96.4202093132108
92501,54.9298374,23.9613118,96.4202093132108
92600,54.9298376,23.9613129,96.419394844233
92700,54.9298376,23.9613129,96.419394844233
92800,54.9298376,23.9613129,96.419394844233
92901,54.9298376,23.9613129,96.419394844233
93000,54.9298376,23.9613129,96.419394844233
93100,54.9298376,23.9613129,96.419394844233
93200,54.9298376,23.9613129,96.419394844233
93300,54.9298376,23.9613129,96.419394844233
93401,54.9298376,23.9613129,96.419394844233
93500,54.9298376,23.9613129,96.419394844233
93602,54.929838,23.9613142,96.41858356869784
93700,54.929838,23.9613142,96.41858356869784
93800,54.929838,23.9613142,96.41858356869784
93901,54.929838,23.9613142,96.41858356869784
94000,54.929838,23.9613142,96.41858356869784
94100,54.929838,23.9613142,96.41858356869784
94201,54.929838,23.9613142,96.41858356869784
94300,54.929838,23.9613142,96.41858356869784
94400,54.929838,23.9613142,96.41858356869784
94500,54.929838,23.9613142,96.41858356869784
94600,54.9298385,23.9613155,96.41046193047055
94701,54.9298385,23.9613155,96.41046193047055
94800,54.9298385,23.9613155,96.41046193047055
94900,54.9298385,23.9613155,96.41046193047055
95000,54.9298385,23.9613155,96.41046193047055
95100,54.9298388,23.9613162,96.41046193047055
95201,54.9298388,23.9613162,96.41046193047055
95300,54.9298388,23.9613162,96.41046193047055
95400,54.9298388,23.9613162,96.41046193047055
95500,54.9298388,23.9613162,96.41046193047055
95601,54.9298396,23.9613174,96.40965624691967
95700,54.9298396,23.9613174,96.40965624691967
95809,54.9298396,23.9613174,96.40965624691967
95900,54.9298396,23.9613174,96.40965624691967
96000,54.9298396,23.9613174,96.40965624691967
96101,54.9298396,23.9613174,96.40965624691967
96200,54.9298396,23.9613174,96.40965624691967
96300,54.9298396,23.9613174,96.40965624691967
96400,54.9298396,23.9613174,96.40965624691967
96500,54.9298396,23.9613174,96.40965624691967
96601,54.9298402,23.9613184,96.40884753068681
96700,54.9298402,23.9613184,96.40884753068681
96800,54.9298402,23.9613184,96.40884753068681
96900,54.9298402,23.9613184,96.40884753068681
97000,54.9298402,23.9613184,96.40884753068681
97101,54.9298402,23.9613184,96.40884753068681
97200,54.9298402,23.9613184,96.40884753068681
97300,54.9298402,23.9613184,96.40884753068681
97400,54.9298402,23.9613184,96.40884753068681
97501,54.9298402,23.9613184,96.40884753068681
97600,54.9298408,23.961319,96.40803265908498
97700,54.9298408,23.961319,96.40803265908498
97801,54.9298408,23.961319,96.40803265908498
97901,54.9298408,23.961319,96.40803265908498
98000,54.9298408,23.961319,96.40803265908498
98100,54.9298408,23.961319,96.40803265908498
98201,54.9298408,23.961319,96.40803265908498
98300,54.9298408,23.961319,96.40803265908498
98400,54.9298408,23.961319,96.40803265908498
98501,54.9298408,23.961319,96.40803265908498
98600,54.9298413,23.9613195,96.4072082213987
98700,54.9298413,23.9613195,96.4072082213987
98800,54.9298413,23.9613195,96.4072082213987
98901,54.9298413,23.9613195,96.4072082213987
99000,54.9298413,23.9613195,96.4072082213987
99100,54.9298413,23.9613195,96.4072082213987
99200,54.9298413,23.9613195,96.4072082213987
99301,54.9298413,23.9613195,96.4072082213987
99400,54.9298413,23.9613195,96.4072082213987
99500,54.9298413,23.9613195,96.4072082213987
99600,54.9298419,23.9613199,96.40637087285712
99701,54.9298419,23.9613199,96.40637087285712
99800,54.9298419,23.9613199,96.40637087285712
99900,54.9298419,23.9613199,96.40637087285712
100000,54.9298419,23.9613199,96.40637087285712
100101,54.9298419,23.9613199,96.40637087285712
100200,54.9298419,23.9613199,96.40637087285712
100300,54.9298419,23.9613199,96.40637087285712
100400,54.9298419,23.9613199,96.40637087285712
100500,54.9298419,23.9613199,96.40637087285712
100602,54.9298424,23.9613199,96.40551496500086
100700,54.9298424,23.9613199,96.40551496500086
100809,54.9298424,23.9613199,96.40551496500086
100900,54.9298424,23.9613199,96.40551496500086
101000,54.9298424,23.9613199,96.40551496500086
101100,54.9298424,23.9613199,96.40551496500086
101201,54.9298424,23.9613199,96.40551496500086
101300,54.9298424,23.9613199,96.40551496500086
101400,54.9298424,23.9613199,96.40551496500086
101501,54.9298424,23.9613199,96.40551496500086
101600,54.9298428,23.9613198,96.40464765681843
101700,54.9298428,23.9613198,96.40464765681843
101800,54.9298428,23.9613198,96.40464765681843
101900,54.9298428,23.9613198,96.40464765681843
102001,54.9298428,23.9613198,96.40464765681843
102100,54.9298428,23.9613198,96.40464765681843
102200,54.9298428,23.9613198,96.40464765681843
102300,54.9298428,23.9613198,96.40464765681843
102400,54.9298428,23.9613198,96.40464765681843
102500,54.9298428,23.9613198,96.40464765681843
102601,54.9298432,23.9613195,96.40377376805611
102700,54.9298432,23.9613195,96.40377376805611
102800,54.9298432,23.9613195,96.40377376805611
102901,54.9298432,23.9613195,96.40377376805611
103000,54.9298432,23.9613195,96.40377376805611
103100,54.9298432,23.9613195,96.40377376805611
103200,54.9298432,23.9613195,96.40377376805611
103300,54.9298432,23.9613195,96.40377376805611
103400,54.9298432,23.9613195,96.40377376805611
103501,54.9298432,23.9613195,96.40377376805611
103600,54.9298436,23.9613192,96.40288981107953
103700,54.9298436,23.9613192,96.40288981107953
103801,54.9298436,23.9613192,96.40288981107953
103900,54.9298436,23.9613192,96.40288981107953
104000,54.9298436,23.9613192,96.40288981107953
104100,54.9298436,23.9613192,96.40288981107953
104201,54.9298436,23.9613192,96.40288981107953
104300,54.9298436,23.9613192,96.40288981107953
104400,54.9298436,23.9613192,96.40288981107953
104501,54.9298436,23.9613192,96.40288981107953
104600,54.929844,23.9613186,96.40200040803907
104700,54.929844,23.9613186,96.40200040803907
104801,54.929844,23.9613186,96.40200040803907
104900,54.929844,23.9613186,96.40200040803907
105001,54.929844,23.9613186,96.40200040803907
105100,54.929844,23.9613186,96.40200040803907
105200,54.929844,23.9613186,96.40200040803907
105301,54.929844,23.9613186,96.40200040803907
105400,54.929844,23.9613186,96.40200040803907
105500,54.929844,23.9613186,96.40200040803907
105600,54.9298444,23.9613176,96.40110275708084
105701,54.9298444,23.9613176,96.40110275708084
105800,54.9298444,23.9613176,96.40110275708084
105901,54.9298444,23.9613176,96.40110275708084
106000,54.9298444,23.9613176,96.40110275708084
106100,54.9298444,23.9613176,96.40110275708084
106200,54.9298444,23.9613176,96.40110275708084
106300,54.9298444,23.9613176,96.40110275708084
106401,54.9298444,23.9613176,96.40110275708084
106500,54.9298444,23.9613176,96.40110275708084
106601,54.9298447,23.9613167,96.40020253568319
106700,54.9298447,23.9613167,96.40020253568319
106801,54.9298447,23.9613167,96.40020253568319
106900,54.9298447,23.9613167,96.40020253568319
107000,54.9298447,23.9613167,96.40020253568319
107101,54.9298447,23.9613167,96.40020253568319
107200,54.9298447,23.9613167,96.40020253568319
107300,54.9298447,23.9613167,96.40020253568319
107400,54.9298447,23.9613167,96.40020253568319
107501,54.9298447,23.9613167,96.40020253568319
107600,54.9298451,23.9613159,96.3993081790531
107700,54.9298451,23.9613159,96.3993081790531
107802,54.9298451,23.9613159,96.3993081790531
107900,54.9298451,23.9613159,96.3993081790531
108001,54.9298451,23.9613159,96.3993081790531
108100,54.9298451,23.9613159,96.3993081790531
108200,54.9298451,23.9613159,96.3993081790531
108300,54.9298451,23.9613159,96.3993081790531
108401,54.9298451,23.9613159,96.3993081790531
108500,54.9298451,23.9613159,96.3993081790531
108600,54.9298454,23.9613152,96.39841025293839
108700,54.9298454,23.9613152,96.39841025293839
108801,54.9298454,23.9613152,96.39841025293839
108900,54.9298454,23.9613152,96.39841025293839
109000,54.9298454,23.9613152,96.39841025293839
109100,54.9298454,23.9613152,96.39841025293839
109201,54.9298454,23.9613152,96.39841025293839
109302,54.9298454,23.9613152,96.39841025293839
109401,54.9298454,23.9613152,96.39841025293839
109500,54.9298454,23.9613152,96.39841025293839
109600,54.9298458,23.9613147,96.39750756384358
109700,54.9298458,23.9613147,96.39750756384358
109800,54.9298458,23.9613147,96.39750756384358
109901,54.9298458,23.9613147,96.39750756384358
110000,54.9298458,23.9613147,96.39750756384358
110100,54.9298458,23.9613147,96.39750756384358
110200,54.9298458,23.9613147,96.39750756384358
110302,54.9298458,23.9613147,96.39750756384358
110400,54.9298458,23.9613147,96.39750756384358
110502,54.9298458,23.9613147,96.39750756384358
110600,54.9298461,23.9613144,96.39660831847159
110700,54.9298461,23.9613144,96.39660831847159
110801,54.9298461,23.9613144,96.39660831847159
110900,54.9298461,23.9613144,96.39660831847159
111000,54.9298461,23.9613144,96.39660831847159
111100,54.9298461,23.9613144,96.39660831847159
111200,54.9298461,23.9613144,96.39660831847159
111301,54.9298461,23.9613144,96.39660831847159
111400,54.9298461,23.9613144,96.39660831847159
111501,54.9298461,23.9613144,96.39660831847159
111600,54.9298464,23.9613145,96.39571219419587
111700,54.9298464,23.9613145,96.39571219419587
111800,54.9298464,23.9613145,96.39571219419587
111900,54.9298464,23.9613145,96.39571219419587
112001,54.9298464,23.9613145,96.39571219419587
112100,54.9298464,23.9613145,96.39571219419587
112200,54.9298464,23.9613145,96.39571219419587
112300,54.9298464,23.9613145,96.39571219419587
112401,54.9298464,23.9613145,96.39571219419587
112501,54.9298464,23.9613145,96.39571219419587
112600,54.9298468,23.961315,96.39482184214013
112700,54.9298468,23.961315,96.39482184214013
112802,54.9298468,23.961315,96.39482184214013
112904,54.9298468,23.961315,96.39482184214013
113000,54.9298468,23.961315,96.39482184214013
113100,54.9298468,23.961315,96.39482184214013
113201,54.9298468,23.961315,96.39482184214013
113300,54.9298468,23.961315,96.39482184214013
113400,54.9298468,23.961315,96.39482184214013
113501,54.9298468,23.961315,96.39482184214013
113600,54.9298472,23.9613158,96.39393554735248
113700,54.9298472,23.9613158,96.39393554735248
113800,54.9298472,23.9613158,96.39393554735248
113901,54.9298472,23.9613158,96.39393554735248
114000,54.9298472,23.9613158,96.39393554735248
114100,54.9298472,23.9613158,96.39393554735248
114200,54.9298472,23.9613158,96.39393554735248
114300,54.9298472,23.9613158,96.39393554735248
114401,54.9298472,23.9613158,96.39393554735248
114500,54.9298472,23.9613158,96.39393554735248
114601,54.9298476,23.9613167,96.39304409397782
114700,54.9298476,23.9613167,96.39304409397782
114802,54.9298476,23.9613167,96.39304409397782
114900,54.9298476,23.9613167,96.39304409397782
115001,54.9298476,23.9613167,96.39304409397782
115101,54.9298476,23.9613167,96.39304409397782
115200,54.9298476,23.9613167,96.39304409397782
115301,54.9298476,23.9613167,96.39304409397782
115401,54.9298478,23.9613171,96.39304409397782
115502,54.9298478,23.9613171,96.39304409397782
115600,54.9298483,23.9613182,96.39215774799185
115700,54.9298483,23.9613182,96.39215774799185
115804,54.9298483,23.9613182,96.39215774799185
115900,54.9298483,23.9613182,96.39215774799185
116001,54.9298483,23.9613182,96.39215774799185
116100,54.9298483,23.9613182,96.39215774799185
116200,54.9298483,23.9613182,96.39215774799185
116300,54.9298483,23.9613182,96.39215774799185
116400,54.9298483,23.9613182,96.39215774799185
116501,54.9298483,23.9613182,96.39215774799185
116600,54.9298487,23.9613192,96.39128269816844
116701,54.9298487,23.9613192,96.39128269816844
116801,54.9298487,23.9613192,96.39128269816844
116901,54.9298487,23.9613192,96.39128269816844
117000,54.9298487,23.9613192,96.39128269816844
117100,54.9298487,23.9613192,96.39128269816844
117200,54.9298487,23.9613192,96.39128269816844
117300,54.9298487,23.9613192,96.39128269816844
117401,54.9298487,23.9613192,96.39128269816844
117502,54.9298487,23.9613192,96.39128269816844
117601,54.9298496,23.9613207,96.39042111298765
117701,54.9298496,23.9613207,96.39042111298765
117800,54.9298496,23.9613207,96.39042111298765
117900,54.9298496,23.9613207,96.39042111298765
118001,54.9298496,23.9613207,96.39042111298765
118100,54.9298496,23.9613207,96.39042111298765
118200,54.9298496,23.9613207,96.39042111298765
118300,54.9298496,23.9613207,96.39042111298765
118401,54.9298496,23.9613207,96.39042111298765
118500,54.9298496,23.9613207,96.39042111298765
118600,54.9298509,23.9613227,96.38956995359608
118700,54.9298509,23.9613227,96.38956995359608
118801,54.9298509,23.9613227,96.38956995359608
118900,54.9298509,23.9613227,96.38956995359608
119000,54.9298509,23.9613227,96.38956995359608
119100,54.9298509,23.9613227,96.38956995359608
119201,54.9298509,23.9613227,96.38956995359608
119300,54.9298509,23.9613227,96.38956995359608
119400,54.9298509,23.9613227,96.38956995359608
119500,54.9298509,23.9613227,96.38956995359608
119601,54.9298518,23.9613246,96.38872696107575
119700,54.9298518,23.9613246,96.38872696107575
119800,54.9298518,23.9613246,96.38872696107575
119900,54.9298518,23.9613246,96.38872696107575
120000,54.9298518,23.9613246,96.38872696107575
120101,54.9298518,23.9613246,96.38872696107575
120200,54.9298518,23.9613246,96.38872696107575
120300,54.9298518,23.9613246,96.38872696107575
120400,54.9298518,23.9613246,96.38872696107575
120501,54.9298518,23.9613246,96.38872696107575
120600,54.9298527,23.9613265,96.38789149979763
120700,54.9298527,23.9613265,96.38789149979763
120800,54.9298527,23.9613265,96.38789149979763
120900,54.9298527,23.9613265,96.38789149979763
121000,54.9298527,23.9613265,96.38789149979763
121101,54.9298527,23.9613265,96.38789149979763
121205,54.9298527,23.9613265,96.38789149979763
121301,54.9298527,23.9613265,96.38789149979763
121401,54.9298527,23.9613265,96.38789149979763
121500,54.9298527,23.9613265,96.38789149979763
121600,54.9298536,23.9613283,96.38706143631948
121700,54.9298536,23.9613283,96.38706143631948
121800,54.9298536,23.9613283,96.38706143631948
121901,54.9298536,23.9613283,96.38706143631948
122000,54.9298536,23.9613283,96.38706143631948
122100,54.9298536,23.9613283,96.38706143631948
122200,54.9298536,23.9613283,96.38706143631948
122300,54.9298536,23.9613283,96.38706143631948
122401,54.9298536,23.9613283,96.38706143631948
122500,54.9298536,23.9613283,96.38706143631948
122600,54.9298544,23.9613301,96.3862217732514
122701,54.9298544,23.9613301,96.3862217732514
122800,54.9298544,23.9613301,96.3862217732514
122900,54.9298544,23.9613301,96.3862217732514
123001,54.9298544,23.9613301,96.3862217732514
123100,54.9298544,23.9613301,96.3862217732514
123200,54.9298544,23.9613301,96.3862217732514
123300,54.9298544,23.9613301,96.3862217732514
123401,54.9298544,23.9613301,96.3862217732514
123500,54.9298544,23.9613301,96.3862217732514
123600,54.9298555,23.9613323,96.38537643900223
123700,54.9298555,23.9613323,96.38537643900223
123800,54.9298555,23.9613323,96.38537643900223
123901,54.9298555,23.9613323,96.38537643900223
124000,54.9298555,23.9613323,96.38537643900223
124101,54.9298555,23.9613323,96.38537643900223
124201,54.9298555,23.9613323,96.38537643900223
124302,54.9298555,23.9613323,96.38537643900223
124404,54.9298555,23.9613323,96.38537643900223
124500,54.9298555,23.9613323,96.38537643900223
124601,54.9298564,23.9613343,96.38451470739732
124700,54.9298564,23.9613343,96.38451470739732
124801,54.9298564,23.9613343,96.38451470739732
124901,54.9298564,23.9613343,96.38451470739732
125001,54.9298564,23.9613343,96.38451470739732
125100,54.9298564,23.9613343,96.38451470739732
125200,54.9298564,23.9613343,96.38451470739732
125302,54.9298564,23.9613343,96.38451470739732
125404,54.9298564,23.9613343,96.38451470739732
125500,54.9298564,23.9613343,96.38451470739732
125601,54.929857,23.9613355,96.38363751061775
125700,54.929857,23.9613355,96.38363751061775
125800,54.929857,23.9613355,96.38363751061775
125901,54.929857,23.9613355,96.38363751061775
126000,54.929857,23.9613355,96.38363751061775
126100,54.929857,23.9613355,96.38363751061775
126200,54.929857,23.9613355,96.38363751061775
126302,54.929857,23.9613355,96.38363751061775
126400,54.929857,23.9613355,96.38363751061775
126500,54.929857,23.9613355,96.38363751061775
126600,54.9298572,23.9613359,96.38274511278628
126701,54.9298572,23.9613359,96.38274511278628
126800,54.9298572,23.9613359,96.38274511278628
126901,54.9298572,23.9613359,96.38274511278628
127000,54.9298572,23.9613359,96.38274511278628
127100,54.9298572,23.9613359,96.38274511278628
127201,54.9298572,23.9613359,96.38274511278628
127300,54.9298572,23.9613359,96.38274511278628
127402,54.9298572,23.9613359,96.38274511278628
127500,54.9298572,23.9613359,96.38274511278628
127600,54.9298572,23.9613359,96.38274511278628
127700,54.9298571,23.9613353,96.38183528867961
127801,54.9298571,23.9613353,96.38183528867961
127900,54.9298571,23.9613353,96.38183528867961
128002,54.9298571,23.9613353,96.38183528867961
128105,54.9298571,23.9613353,96.38183528867961
128200,54.9298571,23.9613353,96.38183528867961
128301,54.9298571,23.9613353,96.38183528867961
128400,54.9298571,23.9613353,96.38183528867961
128503,54.9298571,23.9613353,96.38183528867961
128601,54.9298573,23.9613348,96.38091619991917
128700,54.9298573,23.9613348,96.38091619991917
128800,54.9298573,23.9613348,96.38091619991917
128901,54.9298573,23.9613348,96.38091619991917
129000,54.9298573,23.9613348,96.38091619991917
129101,54.9298573,23.9613348,96.38091619991917
129200,54.9298573,23.9613348,96.38091619991917
129301,54.9298573,23.9613348,96.38091619991917
129400,54.9298573,23.9613348,96.38091619991917
129500,54.9298573,23.9613348,96.38091619991917
129600,54.9298575,23.9613337,96.3799843201141
129700,54.9298575,23.9613337,96.3799843201141
129801,54.9298575,23.9613337,96.3799843201141
129900,54.9298575,23.9613337,96.3799843201141
130000,54.9298575,23.9613337,96.3799843201141
130101,54.9298575,23.9613337,96.3799843201141
130200,54.9298575,23.9613337,96.3799843201141
130300,54.9298575,23.9613337,96.3799843201141
130400,54.9298575,23.9613337,96.3799843201141
130500,54.9298575,23.9613337,96.3799843201141
130601,54.9298577,23.9613326,96.37904382487172
130700,54.9298577,23.9613326,96.37904382487172
130801,54.9298577,23.9613326,96.37904382487172
130900,54.9298577,23.9613326,96.37904382487172
131000,54.9298577,23.9613326,96.37904382487172
131100,54.9298577,23.9613326,96.37904382487172
131200,54.9298577,23.9613326,96.37904382487172
131301,54.9298577,23.9613326,96.37904382487172
131402,54.9298577,23.9613326,96.37904382487172
131500,54.9298577,23.9613326,96.37904382487172
131600,54.929858,23.9613313,96.37808997919431
131700,54.929858,23.9613313,96.37808997919431
131801,54.929858,23.9613313,96.37808997919431
131900,54.929858,23.9613313,96.37808997919431
132000,54.929858,23.9613313,96.37808997919431
132100,54.929858,23.9613313,96.37808997919431
132201,54.929858,23.9613313,96.37808997919431
132300,54.929858,23.9613313,96.37808997919431
132400,54.929858,23.9613313,96.37808997919431
132500,54.929858,23.9613313,96.37808997919431
132601,54.9298582,23.9613298,96.37711309354596
132700,54.9298582,23.9613298,96.37711309354596
132800,54.9298582,23.9613298,96.37711309354596
132900,54.9298582,23.9613298,96.37711309354596
133000,54.9298582,23.9613298,96.37711309354596
133100,54.9298582,23.9613298,96.37711309354596
133200,54.9298582,23.9613298,96.37711309354596
133301,54.9298582,23.9613298,96.37711309354596
133401,54.9298582,23.9613298,96.37711309354596
133500,54.9298582,23.9613298,96.37711309354596
133600,54.9298582,23.961328,96.37611651781666
133700,54.9298582,23.961328,96.37611651781666
133801,54.9298582,23.961328,96.37611651781666
133900,54.9298582,23.961328,96.37611651781666
134000,54.9298582,23.961328,96.37611651781666
134100,54.9298582,23.961328,96.37611651781666
134200,54.9298582,23.961328,96.37611651781666
134300,54.9298582,23.961328,96.37611651781666
134400,54.9298582,23.961328,96.37611651781666
134500,54.9298582,23.961328,96.37611651781666
134601,54.9298582,23.9613265,96.37510111270156
134701,54.9298582,23.9613265,96.37510111270156
134800,54.9298582,23.9613265,96.37510111270156
134900,54.9298582,23.9613265,96.37510111270156
135001,54.9298582,23.9613265,96.37510111270156
135100,54.9298582,23.9613265,96.37510111270156
135200,54.9298582,23.9613265,96.37510111270156
135300,54.9298582,23.9613265,96.37510111270156
135401,54.9298582,23.9613259,96.37510111270156
135500,54.9298582,23.9613259,96.37510111270156
135601,54.9298582,23.9613247,96.37407085114063
135700,54.9298582,23.9613247,96.37407085114063
135800,54.9298582,23.9613247,96.37407085114063
135900,54.9298582,23.9613247,96.37407085114063
136001,54.9298582,23.9613247,96.37407085114063
136100,54.9298582,23.9613247,96.37407085114063
136201,54.9298582,23.9613247,96.37407085114063
136300,54.9298582,23.9613247,96.37407085114063
136401,54.9298582,23.9613247,96.37407085114063
136501,54.9298582,23.9613247,96.37407085114063
136600,54.929858,23.9613227,96.37303572965827
136702,54.929858,23.9613227,96.37303572965827
136800,54.929858,23.9613227,96.37303572965827
136901,54.929858,23.9613227,96.37303572965827
137000,54.929858,23.9613227,96.37303572965827
137101,54.929858,23.9613227,96.37303572965827
137200,54.929858,23.9613227,96.37303572965827
137300,54.929858,23.9613227,96.37303572965827
137401,54.929858,23.9613227,96.37303572965827
137500,54.929858,23.9613227,96.37303572965827
137601,54.9298578,23.9613208,96.37200298248433
137700,54.9298578,23.9613208,96.37200298248433
137800,54.9298578,23.9613208,96.37200298248433
137900,54.9298578,23.9613208,96.37200298248433
138001,54.9298578,23.9613208,96.37200298248433
138100,54.9298578,23.9613208,96.37200298248433
138200,54.9298578,23.9613208,96.37200298248433
138300,54.9298578,23.9613208,96.37200298248433
138401,54.9298578,23.9613208,96.37200298248433
138500,54.9298578,23.9613208,96.37200298248433
138600,54.9298578,23.9613195,96.37095823687002
138700,54.9298578,23.9613195,96.37095823687002
138800,54.9298578,23.9613195,96.37095823687002
138901,54.9298578,23.9613195,96.37095823687002
139000,54.9298578,23.9613195,96.37095823687002
139100,54.9298578,23.9613195,96.37095823687002
139200,54.9298578,23.9613195,96.37095823687002
139300,54.9298578,23.9613195,96.37095823687002
139401,54.9298578,23.9613195,96.37095823687002
139500,54.9298578,23.9613195,96.37095823687002
139601,54.9298578,23.9613182,96.3698933476988
139700,54.9298578,23.9613182,96.3698933476988
139800,54.9298578,23.9613182,96.3698933476988
139901,54.9298578,23.9613182,96.3698933476988
140000,54.9298578,23.9613182,96.3698933476988
140100,54.9298578,23.9613182,96.3698933476988
140200,54.9298578,23.9613182,96.3698933476988
140300,54.9298578,23.9613182,96.3698933476988
140401,54.9298578,23.9613182,96.3698933476988
140500,54.9298578,23.9613182,96.3698933476988
140600,54.9298579,23.9613168,96.36882331612321
140701,54.9298579,23.9613168,96.36882331612321
140800,54.9298579,23.9613168,96.36882331612321
140900,54.9298579,23.9613168,96.36882331612321
141000,54.9298579,23.9613168,96.36882331612321
141101,54.9298579,23.9613168,96.36882331612321
141200,54.9298579,23.9613168,96.36882331612321
141300,54.9298579,23.9613168,96.36882331612321
141401,54.9298579,23.9613168,96.36882331612321
141500,54.9298579,23.9613168,96.36882331612321
141601,54.9298578,23.9613148,96.36773427642495
141700,54.9298578,23.9613148,96.36773427642495
141800,54.9298578,23.9613148,96.36773427642495
141900,54.9298578,23.9613148,96.36773427642495
142001,54.9298578,23.9613148,96.36773427642495
142100,54.9298578,23.9613148,96.36773427642495
142200,54.9298578,23.9613148,96.36773427642495
142300,54.9298578,23.9613148,96.36773427642495
142401,54.9298578,23.9613148,96.36773427642495
142500,54.9298578,23.9613148,96.36773427642495
142600,54.9298577,23.9613132,96.36665623249547
142700,54.9298577,23.9613132,96.36665623249547
142800,54.9298577,23.9613132,96.36665623249547
142901,54.9298577,23.9613132,96.36665623249547
143000,54.9298577,23.9613132,96.36665623249547
143100,54.9298577,23.9613132,96.36665623249547
143200,54.9298577,23.9613132,96.36665623249547
143301,54.9298577,23.9613132,96.36665623249547
143400,54.9298577,23.9613132,96.36665623249547
143501,54.9298577,23.9613132,96.36665623249547
143600,54.9298575,23.9613117,96.36557662800796
143700,54.9298575,23.9613117,96.36557662800796
143801,54.9298575,23.9613117,96.36557662800796
143900,54.9298575,23.9613117,96.36557662800796
144001,54.9298575,23.9613117,96.36557662800796
144100,54.9298575,23.9613117,96.36557662800796
144200,54.9298575,23.9613117,96.36557662800796
144300,54.9298575,23.9613117,96.36557662800796
144400,54.9298575,23.9613117,96.36557662800796
144500,54.9298575,23.9613117,96.36557662800796
144601,54.9298569,23.9613092,96.36450866439549
144701,54.9298569,23.9613092,96.36450866439549
144800,54.9298569,23.9613092,96.36450866439549
144900,54.9298569,23.9613092,96.36450866439549
145001,54.9298569,23.9613092,96.36450866439549
145100,54.9298569,23.9613092,96.36450866439549
145200,54.9298569,23.9613092,96.36450866439549
145300,54.9298569,23.9613092,96.36450866439549
145400,54.9298569,23.9613092,96.36450866439549
145501,54.9298569,23.9613092,96.36450866439549
145602,54.9298564,23.9613066,96.36342218561525
145700,54.9298564,23.9613066,96.36342218561525
145800,54.9298564,23.9613066,96.36342218561525
145901,54.9298564,23.9613066,96.36342218561525
146000,54.9298564,23.9613066,96.36342218561525
146100,54.9298564,23.9613066,96.36342218561525
146200,54.9298564,23.9613066,96.36342218561525
146300,54.9298564,23.9613066,96.36342218561525
146401,54.9298564,23.9613066,96.36342218561525
146500,54.9298564,23.9613066,96.36342218561525
146601,54.929856,23.9613047,96.3623340129827
146701,54.929856,23.9613047,96.3623340129827
146800,54.929856,23.9613047,96.3623340129827
146900,54.929856,23.9613047,96.3623340129827
147001,54.929856,23.9613047,96.3623340129827
147100,54.929856,23.9613047,96.3623340129827
147200,54.929856,23.9613047,96.3623340129827
147301,54.929856,23.9613047,96.3623340129827
147400,54.929856,23.9613047,96.3623340129827
147501,54.929856,23.9613047,96.3623340129827
147600,54.9298555,23.961303,96.36122819762892
147700,54.9298555,23.961303,96.36122819762892
147801,54.9298555,23.961303,96.36122819762892
147901,54.9298555,23.961303,96.36122819762892
148000,54.9298555,23.961303,96.36122819762892
148101,54.9298555,23.961303,96.36122819762892
148200,54.9298555,23.961303,96.36122819762892
148300,54.9298555,23.961303,96.36122819762892
148400,54.9298555,23.961303,96.36122819762892
148500,54.9298555,23.961303,96.36122819762892
148601,54.9298549,23.9613015,96.36012529335287
148700,54.9298549,23.9613015,96.36012529335287
148800,54.9298549,23.9613015,96.36012529335287
148900,54.9298549,23.9613015,96.36012529335287
149001,54.9298549,23.9613015,96.36012529335287
149100,54.9298549,23.9613015,96.36012529335287
149200,54.9298549,23.9613015,96.36012529335287
149301,54.9298549,23.9613015,96.36012529335287
149400,54.9298549,23.9613015,96.36012529335287
149500,54.9298549,23.9613015,96.36012529335287
149600,54.9298543,23.9613006,96.35901805822985
149700,54.9298543,23.9613006,96.35901805822985
149801,54.9298543,23.9613006,96.35901805822985
149900,54.9298543,23.9613006,96.35901805822985
150000,54.9298543,23.9613006,96.35901805822985
150100,54.9298543,23.9613006,96.35901805822985
150201,54.9298543,23.9613006,96.35901805822985
150300,54.9298543,23.9613006,96.35901805822985
150400,54.9298543,23.9613006,96.35901805822985
150500,54.9298543,23.9613006,96.35901805822985
150600,54.9298538,23.9612999,96.35789817582757
150701,54.9298538,23.9612999,96.35789817582757
150800,54.9298538,23.9612999,96.35789817582757
150900,54.9298538,23.9612999,96.35789817582757
151000,54.9298538,23.9612999,96.35789817582757
151101,54.9298538,23.9612999,96.35789817582757
151200,54.9298538,23.9612999,96.35789817582757
151300,54.9298538,23.9612999,96.35789817582757
151401,54.9298538,23.9612999,96.35789817582757
151500,54.9298538,23.9612999,96.35789817582757
151600,54.9298531,23.9612995,96.35677344153504
151700,54.9298531,23.9612995,96.35677344153504
151801,54.9298531,23.9612995,96.35677344153504
151900,54.9298531,23.9612995,96.35677344153504
152000,54.9298531,23.9612995,96.35677344153504
152101,54.9298531,23.9612995,96.35677344153504
152200,54.9298531,23.9612995,96.35677344153504
152300,54.9298531,23.9612995,96.35677344153504
152400,54.9298531,23.9612995,96.35677344153504
152500,54.9298531,23.9612995,96.35677344153504
152600,54.9298524,23.9612991,96.3556622983211
152700,54.9298524,23.9612991,96.3556622983211
152802,54.9298524,23.9612991,96.3556622983211
152900,54.9298524,23.9612991,96.3556622983211
153000,54.9298524,23.9612991,96.3556622983211
153100,54.9298524,23.9612991,96.3556622983211
153200,54.9298524,23.9612991,96.3556622983211
153301,54.9298524,23.9612991,96.3556622983211
153400,54.9298524,23.9612991,96.3556622983211
153500,54.9298524,23.9612991,96.3556622983211
153600,54.9298514,23.9612989,96.35454220590525
153700,54.9298514,23.9612989,96.35454220590525
153800,54.9298514,23.9612989,96.35454220590525
153900,54.9298514,23.9612989,96.35454220590525
154001,54.9298514,23.9612989,96.35454220590525
154100,54.9298514,23.9612989,96.35454220590525
154200,54.9298514,23.9612989,96.35454220590525
154301,54.9298514,23.9612989,96.35454220590525
154400,54.9298514,23.9612989,96.35454220590525
154500,54.9298514,23.9612989,96.35454220590525
154600,54.9298503,23.9612988,96.34326568168355
154700,54.9298503,23.9612988,96.34326568168355
154800,54.9298503,23.9612988,96.34326568168355
154901,54.9298503,23.9612988,96.34326568168355
155000,54.9298503,23.9612988,96.34326568168355
155100,54.9298503,23.9612988,96.34326568168355
155201,54.9298503,23.9612988,96.34326568168355
155300,54.9298503,23.9612988,96.34326568168355
155400,54.9298503,23.9612988,96.34326568168355
155500,54.9298503,23.9612988,96.34326568168355
155600,54.9298503,23.9612988,96.34326568168355
