Milliseconds,X,Y,Z
1,8.734717,1.0306494,4.3373585
101,8.735856,1.0261133,4.336145
202,8.737604,1.0278292,4.332216
301,8.737122,1.0260019,4.3336267
401,8.736759,1.0301479,4.3333755
502,8.735959,1.025629,4.336043
602,8.735274,1.0271418,4.3370657
701,8.735755,1.02574,4.336431
801,8.735163,1.0284578,4.3369746
901,8.736003,1.0235817,4.336442
1002,8.73546,1.0250343,4.3371882
1101,8.735068,1.0269693,4.3375278
1201,8.734663,1.0259464,4.338571
1301,8.732944,1.0293639,4.3412294
1401,8.73454,1.0271862,4.338552
1501,8.734199,1.027232,4.339214
1602,8.734245,1.0269763,4.3391814
1701,8.734365,1.0311548,4.337943
1801,8.735616,1.0325255,4.335112
1901,8.736716,1.0325834,4.3328824
2001,8.73763,1.031236,4.331354
2102,8.737019,1.0349063,4.3316994
2201,8.735619,1.0395573,4.3334246
2301,8.737199,1.0410607,4.329867
2402,8.735756,1.0445734,4.3319387
2501,8.735347,1.0474279,4.332063
2601,8.73473,1.047679,4.3332515
2701,8.736919,1.045715,4.3293104
2801,8.736963,1.046804,4.328954
2901,8.737705,1.0516475,4.326286
3002,8.737107,1.0567089,4.326255
3101,8.737423,1.0601672,4.3247914
3201,8.734714,1.0617492,4.329855
3301,8.73693,1.0585171,4.3261824
3401,8.739304,1.0551271,4.3222046
3502,8.74037,1.0520228,4.320809
3601,8.741653,1.0536101,4.317822
3701,8.742527,1.0519872,4.3164496
3802,8.744075,1.0483049,4.3142047
3901,8.743553,1.0491347,4.3150516
4001,8.745246,1.0507301,4.311241
4101,8.745726,1.0529373,4.309739
4201,8.744481,1.0554817,4.3116374
4302,8.745663,1.0537401,4.3096676
4401,8.744225,1.056118,4.3119907
4501,8.74448,1.0536004,4.3120914
4602,8.746455,1.0550591,4.3077307
4701,8.746845,1.0535382,4.3073106
4801,8.747873,1.0553008,4.3047924
4901,8.751091,1.0525749,4.298915
5001,8.749513,1.0492849,4.3029423
5102,8.746875,1.0477114,4.308681
5201,8.745884,1.0481141,4.3105946
5301,8.744774,1.0468892,4.3131375
5401,8.744433,1.0442425,4.314463
5501,8.742161,1.045134,4.3188515
5602,8.744019,1.0431688,4.315574
5701,8.7445755,1.0415312,4.314826
5802,8.74753,1.0355493,4.310296
5901,8.746689,1.0335692,4.312468
6001,8.748279,1.02867,4.310408
6101,8.747645,1.0278,4.311899
6201,8.746413,1.0327196,4.3132296
6302,8.7472315,1.03793,4.3103113
6401,8.747345,1.0362501,4.310497
6502,8.74849,1.0393182,4.307427
6601,8.749991,1.0415684,4.3038282
6701,8.749673,1.043566,4.3039985
6802,8.75228,1.0422618,4.299005
7060,8.7512865,1.0444939,4.3004885
7060,8.7512865,1.0444939,4.3004885
7102,8.751628,1.0441747,4.299881
7201,8.749999,1.0409842,4.3039513
7301,8.750727,1.039647,4.3028045
7402,8.74997,1.0380112,4.3047266
7503,8.74969,1.0356977,4.305868
7601,8.750372,1.0376748,4.303995
7701,8.7509,1.0364362,4.3032255
7801,8.748456,1.0413226,4.3070097
7901,8.749056,1.0350331,4.307314
8002,8.751128,1.0352604,4.3030405
8101,8.7503,1.0343138,4.3049536
8201,8.750428,1.030385,4.3056474
8301,8.75104,1.0311837,4.3041983
8401,8.750984,1.0358821,4.303191
8502,8.753723,1.0366935,4.297402
8601,8.7554245,1.0363834,4.2940383
8701,8.755641,1.0383337,4.293099
8801,8.755442,1.0400631,4.293104
8902,8.755043,1.0386055,4.294261
9001,8.756075,1.036779,4.2926083
9102,8.755372,1.0402786,4.293187
9201,8.7563305,1.0377563,4.29185
9301,8.756954,1.039384,4.2901907
9402,8.757019,1.0371157,4.290589
9501,8.758666,1.0450696,4.2852945
9601,8.761122,1.046324,4.27998
9701,8.760423,1.0460551,4.2814593
9801,8.759492,1.0477388,4.2829566
9901,8.758192,1.0507418,4.2848716
10002,8.757137,1.0508888,4.286993
10101,8.755779,1.0479584,4.2904844
10201,8.756511,1.0448948,4.2897577
10301,8.754235,1.048722,4.293441
10402,8.754384,1.0469167,4.2935944
10501,8.754709,1.0449983,4.2933936
10601,8.755543,1.0449016,4.2917166
10701,8.75492,1.0442232,4.293142
10801,8.75509,1.0419393,4.2933507
10901,8.754555,1.0442715,4.293885
11002,8.753823,1.0401132,4.296374
11101,8.754129,1.0449761,4.294576
11201,8.754373,1.0451345,4.294059
11301,8.756133,1.0417188,4.291297
11402,8.7575865,1.037622,4.289327
11501,8.758186,1.0394036,4.2876544
11601,8.759928,1.0362167,4.2848706
11702,8.759036,1.0320023,4.2877097
11802,8.760752,1.0308046,4.2844944
11901,8.760896,1.0289514,4.284639
12002,8.761995,1.0290663,4.2823563
12101,8.762184,1.0283067,4.2821693
12201,8.761701,1.029249,4.2829237
12301,8.76308,1.0308064,4.279732
12401,8.760825,1.0333534,4.2837276
12501,8.76026,1.0334187,4.2848563
12602,8.76009,1.0396496,4.283704
12701,8.75854,1.0429165,4.2860727
12801,8.759018,1.0440025,4.284852
12902,8.76093,1.0447537,4.280749
13001,8.760824,1.0472159,4.2803516
13101,8.760512,1.0438076,4.2818236
13201,8.761354,1.0442952,4.279998
13301,8.761255,1.0452982,4.2799478
13402,8.759057,1.0440047,4.2847514
13501,8.758074,1.0408912,4.287516
13601,8.757252,1.0397291,4.289484
13702,8.756559,1.0365958,4.291651
13801,8.758763,1.0334172,4.287929
13902,8.759232,1.0310724,4.2875338
14002,8.758473,1.0338026,4.288424
14101,8.758708,1.0324869,4.2882743
14202,8.760793,1.0304329,4.2845035
14301,8.762624,1.0348974,4.279677
14401,8.76324,1.0380799,4.277649
14502,8.763967,1.0335858,4.277245
14601,8.76124,1.0347263,4.2825623
14701,8.76396,1.0335093,4.2772803
14802,8.763577,1.0322806,4.2783456
14901,8.761963,1.0350305,4.2809935
15001,8.764091,1.0364237,4.2762976
15101,8.763246,1.0330726,4.27884
15202,8.762094,1.0334072,4.281129
15301,8.762577,1.0338304,4.2800326
15401,8.763265,1.0321733,4.279018
15501,8.762997,1.0296295,4.280185
15601,8.762832,1.0276061,4.2810006
15701,8.764661,1.0249714,4.2779
15802,8.766041,1.0234464,4.275432
15901,8.762797,1.0234011,4.28208
16001,8.764752,1.0229689,4.2781825
16102,8.765269,1.0240774,4.2768426
16201,8.766113,1.0238044,4.2752066
16301,8.766124,1.0255554,4.274758
16401,8.764929,1.02598,4.2770934
16502,8.763384,1.0283976,4.2796903
16601,8.764905,1.0273843,4.2768145
16701,8.766173,1.0291948,4.2737746
16802,8.765352,1.0292668,4.2754335
16901,8.765712,1.0319526,4.2740545
17001,8.765324,1.029836,4.2753687
17101,8.766097,1.032168,4.2732244
17202,8.763393,1.0302163,4.2792277
17301,8.763593,1.0312415,4.2785664
17402,8.761268,1.0308684,4.283425
17501,8.761438,1.0287349,4.2835817
17601,8.760189,1.0326365,4.2852106
17701,8.759025,1.0346549,4.2870903
17802,8.759841,1.0315129,4.2861824
17901,8.759389,1.0323297,4.2869205
18001,8.761527,1.0335809,4.2822256
18102,8.761448,1.0378406,4.281367
18201,8.763365,1.0382127,4.277351
18301,8.763012,1.0382473,4.2780704
18401,8.763934,1.0377319,4.276312
18502,8.764573,1.0382614,4.274855
18601,8.765824,1.0385829,4.272221
18701,8.765512,1.0374092,4.2731404
18801,8.767148,1.0381501,4.2696223
18902,8.768637,1.0396447,4.2661777
19001,8.767444,1.0451366,4.267284
19101,8.767579,1.040615,4.2681193
19201,8.769042,1.0371555,4.265971
19302,8.767504,1.041421,4.2680893
19401,8.767101,1.0407053,4.269079
19501,8.766305,1.0369492,4.2716446
19601,8.765326,1.0346882,4.2741933
19702,8.765702,1.032387,4.273975
19801,8.764692,1.0353543,4.2753224
19902,8.765286,1.0325512,4.274777
20001,8.7651415,1.0345488,4.2746053
20101,8.7646,1.0368819,4.2751474
20201,8.765161,1.0359079,4.274236
20302,8.765171,1.0372218,4.273901
20404,8.765746,1.038713,4.2723527
20501,8.766473,1.03733,4.2711987
20602,8.766398,1.0383719,4.2710934
20701,8.764386,1.0408123,4.2746286
20802,8.763782,1.0411396,4.275775
20901,8.765571,1.0376061,4.272991
21001,8.765542,1.0393021,4.2726297
21101,8.765705,1.0388666,4.2723856
21201,8.765874,1.0369693,4.2725096
21302,8.764708,1.0355211,4.2752423
21401,8.765024,1.0364368,4.2743735
21501,8.76322,1.0414804,4.2768455
21601,8.762079,1.0410519,4.279308
21701,8.761848,1.0403256,4.2799473
21802,8.760977,1.0372496,4.28247
21901,8.76277,1.0387363,4.278441
22001,8.762889,1.0366548,4.2787104
22101,8.765142,1.0358847,4.2742667
22201,8.764011,1.0376701,4.276167
22301,8.7637615,1.0370579,4.276813
22401,8.761549,1.0405328,4.280506
22502,8.760999,1.0408179,4.281568
22601,8.760965,1.0408334,4.281631
22701,8.761409,1.04529,4.279625
22801,8.762101,1.0475048,4.2776823
22901,8.763552,1.0458722,4.2750998
23002,8.764854,1.0449816,4.2726693
23101,8.765027,1.0423774,4.2729397
23201,8.76517,1.0411261,4.2729425
23301,8.763309,1.0430384,4.276294
23401,8.763362,1.0439131,4.2759767
23501,8.764092,1.0411621,4.2751427
23602,8.764059,1.040392,4.27541
23701,8.764729,1.0404998,4.273999
23801,8.762929,1.0472949,4.276024
23901,8.764942,1.0470108,4.2719545
24001,8.763755,1.0469407,4.2744303
24101,8.764061,1.0502876,4.2729783
24202,8.76414,1.0468457,4.2736564
24301,8.76337,1.052593,4.2738166
24402,8.762733,1.050067,4.275757
24501,8.764292,1.0513278,4.2722554
24601,8.763929,1.0461326,4.274252
24701,8.763898,1.0453037,4.274536
24802,8.76374,1.0476637,4.27429
24901,8.763965,1.0465055,4.274094
25002,8.764219,1.0509955,4.2724776
25102,8.763616,1.051381,4.273623
25201,8.7631035,1.0537665,4.27409
25301,8.76513,1.0522944,4.2702956
25401,8.765915,1.0480782,4.2697043
25502,8.764176,1.0443623,4.274202
25601,8.764059,1.0417396,4.27508
25701,8.764331,1.0429993,4.2742167
25801,8.764514,1.0429989,4.273833
25902,8.764454,1.0423151,4.27412
26001,8.763986,1.0443556,4.2745757
26101,8.76127,1.0436425,4.280323
26201,8.763697,1.0449572,4.2750416
26302,8.763107,1.0423911,4.2768636
26401,8.763193,1.046474,4.275694
26501,8.7635145,1.0494535,4.2742963
26601,8.764087,1.0512898,4.272674
26705,8.764219,1.0524957,4.2720942
26801,8.76569,1.052396,4.2691092
26901,8.762959,1.0552295,4.27402
27001,8.765108,1.0539427,4.269923
27102,8.765254,1.0544708,4.2694836
27203,8.764977,1.056267,4.269611
27301,8.76507,1.0613669,4.268154
27401,8.764183,1.0585064,4.270692
27502,8.76496,1.0553681,4.269879
27602,8.764917,1.05384,4.2703514
27701,8.763646,1.0486828,4.274221
27804,8.764319,1.0474901,4.2731404
27901,8.763342,1.0474001,4.275157
28001,8.761066,1.0498227,4.2792387
28101,8.76218,1.0472817,4.277555
28201,8.760398,1.0446821,4.281867
28301,8.76094,1.0379157,4.28239
28401,8.759021,1.0363015,4.286698
28501,8.758358,1.0386721,4.2874913
28601,8.757261,1.0453192,4.2881036
28702,8.758429,1.0450313,4.2857947
28801,8.759851,1.048055,4.2821474
28901,8.760828,1.0490029,4.2799234
29002,8.7605,1.0511615,4.2800555
29101,8.761677,1.0476977,4.278502
29201,8.762857,1.0471476,4.2762227
29301,8.762982,1.0486192,4.2755904
29401,8.76306,1.0526205,4.2744656
29502,8.76354,1.0518615,4.2736435
29601,8.763215,1.0504028,4.274673
29701,8.764837,1.0462334,4.2723894
29801,8.761512,1.0497063,4.2783504
29902,8.760823,1.0483745,4.2800937
30001,8.759073,1.0492306,4.2834463
30101,8.759649,1.0480852,4.2825575
30201,8.759014,1.0494311,4.283525
30301,8.757704,1.0445064,4.2874136
30402,8.758489,1.0411779,4.286627
30501,8.760206,1.0414833,4.283019
30601,8.7567,1.0438863,4.2896085
30703,8.7576685,1.0401809,4.288533
30801,8.758243,1.0397809,4.2874494
30901,8.761062,1.0414666,4.281287
31002,8.762849,1.0373476,4.2786283
31102,8.766637,1.0338314,4.27171
31201,8.767987,1.0316347,4.2694645
31301,8.767875,1.0311203,4.269819
31401,8.770546,1.0339222,4.2636566
31502,8.76888,1.0378479,4.2661157
31601,8.769565,1.0369053,4.2649384
31702,8.771781,1.0351942,4.260786
31801,8.772369,1.0377327,4.258968
31901,8.770888,1.0409304,4.261245
32001,8.771484,1.0391589,4.260441
32101,8.770562,1.0432187,4.2613573
32202,8.77046,1.0393299,4.2625184
32301,8.770052,1.0431024,4.262434
32401,8.767517,1.0456649,4.26702
32501,8.764962,1.0511533,4.2709203
32602,8.765058,1.054993,4.269765
32701,8.763943,1.0545958,4.27216
32801,8.763036,1.0573264,4.273341
32901,8.761125,1.0576141,4.277182
33001,8.762977,1.0556787,4.273871
33101,8.763521,1.0597262,4.271751
33202,8.763776,1.0614719,4.270797
33301,8.76147,1.0624706,4.275281
33402,8.761717,1.064202,4.274355
33501,8.762084,1.0619667,4.2741323
33601,8.760877,1.064315,4.2760262
33701,8.75989,1.066597,4.277487
33802,8.759535,1.0633157,4.2790313
33901,8.761238,1.061516,4.276
34001,8.760044,1.0608798,4.2785964
34101,8.760965,1.0586846,4.2772427
34202,8.761949,1.056969,4.275664
34301,8.762646,1.0578549,4.2740154
34401,8.763291,1.0571909,4.272844
34501,8.763327,1.054922,4.2733445
34602,8.763614,1.0535624,4.2730803
34701,8.76359,1.0517267,4.273578
34801,8.764552,1.0500462,4.272023
34902,8.766465,1.0462918,4.269027
35001,8.765936,1.0467832,4.2700005
35101,8.765901,1.0438763,4.2707863
35201,8.766298,1.0491172,4.2686715
35301,8.765332,1.0506767,4.2702813
35402,8.767061,1.0496958,4.2669497
35501,8.7684765,1.0492753,4.264157
35601,8.765711,1.0477672,4.270215
35701,8.764817,1.0497446,4.271558
35801,8.76317,1.051874,4.2744045
35901,8.763831,1.0533304,4.2726874
36002,8.764555,1.0486685,4.27236
36101,8.763647,1.0515503,4.273515
36201,8.763747,1.0500824,4.2736635
36301,8.763351,1.045935,4.275511
36401,8.762507,1.0447426,4.2775245
36502,8.75944,1.0492016,4.282698
36601,8.761064,1.0462451,4.2801185
36702,8.762359,1.0456989,4.277586
36801,8.7627735,1.0474148,4.276317
36902,8.763363,1.0480794,4.274947
37001,8.764078,1.0533363,4.272191
37101,8.762173,1.0545537,4.2757945
37201,8.760558,1.0502882,4.280153
37302,8.759611,1.0513465,4.281841
37401,8.759555,1.0497806,4.282338
37501,8.762859,1.0471911,4.2762094
37601,8.761983,1.0472034,4.2779803
37702,8.760225,1.0439445,4.2823834
37803,8.76041,1.0450416,4.281755
37901,8.759677,1.0463959,4.282893
38002,8.759889,1.0438436,4.2831063
38101,8.760875,1.0421797,4.2814846
38201,8.762019,1.0428087,4.2789965
38301,8.761325,1.0406772,4.280932
38404,8.763028,1.0401313,4.2775755
38502,8.763298,1.0441829,4.276038
38601,8.762972,1.0442519,4.2766905
38701,8.763711,1.0451839,4.27494
38805,8.765467,1.0475059,4.2707834
38901,8.766638,1.0459207,4.2687507
39001,8.766813,1.0423961,4.269259
39102,8.767162,1.0433573,4.2683196
39201,8.765801,1.044479,4.270842
39301,8.767106,1.0434847,4.2683992
39401,8.767838,1.0435326,4.2668796
39502,8.765931,1.0485893,4.2695622
39601,8.766381,1.0488781,4.2685723
39702,8.7653055,1.0490891,4.2707205
39801,8.762845,1.0537653,4.2746077
39902,8.762542,1.0544857,4.2750483
40001,8.760842,1.054894,4.2784314
40101,8.759424,1.0566052,4.280912
40201,8.758671,1.0587705,4.281926
40302,8.760604,1.0548666,4.2789354
40401,8.758661,1.0565023,4.2824993
40501,8.757855,1.0592201,4.2834888
40601,8.75963,1.061739,4.2792244
40702,8.761347,1.0574764,4.2767806
40801,8.76283,1.0552365,4.27428
40901,8.76397,1.0538042,4.2722917
41001,8.766067,1.0519918,4.268446
41101,8.765578,1.0485116,4.2702937
41201,8.767561,1.0459493,4.266843
41302,8.768421,1.0480603,4.264558
41401,8.768081,1.052472,4.2641745
41501,8.767434,1.0497899,4.2661676
41602,8.767562,1.0527283,4.2651763
41701,8.7687025,1.0551877,4.2622256
41801,8.767216,1.0533284,4.265762
41901,8.767111,1.051438,4.266434
42001,8.766196,1.0537094,4.267752
42101,8.765417,1.0533578,4.269437
42201,8.766862,1.0507512,4.2671146
42302,8.766513,1.051047,4.26775
42401,8.767178,1.0477184,4.2672086
42502,8.767713,1.0458014,4.2665815
42601,8.765593,1.046893,4.270668
42701,8.766838,1.0446327,4.268663
42801,8.76882,1.0431513,4.2649584
42901,8.768863,1.042301,4.2650704
43002,8.767883,1.0414988,4.267277
43102,8.765963,1.0415268,4.271212
43201,8.764468,1.046343,4.273105
43302,8.763398,1.0455364,4.275502
43401,8.764392,1.0461396,4.273319
43501,8.763896,1.0420436,4.275343
43602,8.76536,1.0389935,4.2730837
43701,8.76527,1.0403405,4.272925
43801,8.765744,1.0424104,4.2714505
43904,8.765342,1.0413071,4.2725506
44001,8.765487,1.0393413,4.27273
44101,8.765736,1.0400416,4.27204
44201,8.765085,1.0368652,4.2741656
44302,8.765016,1.0323846,4.2753844
44401,8.765771,1.0346365,4.2732825
44501,8.764339,1.0306822,4.2771816
44602,8.762488,1.0337551,4.2802243
44701,8.762811,1.0356714,4.2791023
44804,8.76188,1.0368924,4.2807107
44902,8.763085,1.0362097,4.278419
45001,8.762796,1.0365622,4.278914
45101,8.76327,1.0368702,4.277876
45202,8.763064,1.0414082,4.277196
45302,8.762974,1.0450387,4.276503
45401,8.763052,1.0473902,4.275752
45502,8.764466,1.0475284,4.2728224
45601,8.764973,1.0485942,4.271507
45702,8.765109,1.0471432,4.271595
45801,8.76328,1.0502815,4.2745895
45901,8.764383,1.0477812,4.272936
46002,8.766665,1.0461189,4.26865
46101,8.766927,1.0465,4.2680116
46201,8.7661915,1.0452529,4.2698493
46301,8.7645035,1.0446181,4.273453
46401,8.764901,1.0446649,4.2726345
46502,8.763463,1.0485203,4.2746286
46601,8.760074,1.0498054,4.2812614
46701,8.760058,1.0502383,4.281187
46802,8.760597,1.0495906,4.2802534
46901,8.761471,1.0464187,4.279228
47001,8.761246,1.0460283,4.279784
47101,8.761803,1.0450907,4.2788734
47201,8.761815,1.043162,4.279313
47303,8.760588,1.0456,4.2812414
47401,8.761156,1.0499662,4.279003
47501,8.762799,1.0491619,4.2758255
47602,8.762825,1.0489902,4.275819
47701,8.763588,1.0464442,4.274898
47801,8.763559,1.047401,4.2747154
47902,8.763575,1.0489222,4.2743134
48001,8.762632,1.0519884,4.275489
48101,8.762831,1.0533657,4.2747436
48201,8.763022,1.0520204,4.2746773
48303,8.762797,1.048138,4.2760935
48401,8.759806,1.0473665,4.2824106
48501,8.75926,1.0498004,4.2829266
48602,8.75788,1.0507337,4.2855344
48701,8.756379,1.0533713,4.287943
48802,8.755639,1.0523796,4.2896996
48901,8.756342,1.0537615,4.2879133
49002,8.756204,1.0570579,4.2873874
49101,8.754362,1.059657,4.290508
49201,8.754595,1.0595114,4.2900786
49302,8.754164,1.0593858,4.2909875
49401,8.753637,1.0618579,4.291437
49501,8.755837,1.0579803,4.2879143
49602,8.756755,1.0613348,4.2852035
49701,8.756868,1.0635233,4.284424
49802,8.75522,1.0606542,4.2885065
49901,8.757379,1.0556532,4.2853413
50001,8.757992,1.0517303,4.2850485
50101,8.759201,1.0536095,4.282105
50202,8.760305,1.0480949,4.281217
50302,8.762592,1.0453937,4.2771926
50401,8.763637,1.044142,4.2753596
50502,8.762977,1.042437,4.2771053
50603,8.761463,1.0427569,4.2801375
50701,8.76125,1.0468723,4.2795815
50801,8.762583,1.0464175,4.2769485
50902,8.763714,1.0488352,4.274059
51001,8.763962,1.045375,4.2743883
51101,8.765034,1.0498148,4.271102
51201,8.764094,1.0495924,4.2730875
51301,8.766546,1.0451003,4.2691445
51402,8.765513,1.0453204,4.2712264
51501,8.766955,1.0476848,4.267672
51601,8.765542,1.0547651,4.2688355
51701,8.765627,1.0560935,4.268332
51802,8.763955,1.0581611,4.271267
51903,8.762783,1.0571052,4.2739077
52002,8.7607765,1.05728,4.277989
52101,8.759567,1.0593346,4.2799473
52201,8.761152,1.0517075,4.278582
52301,8.760806,1.0497583,4.279781
52401,8.761002,1.0501112,4.279287
52501,8.758599,1.0489397,4.2844834
52601,8.758804,1.0512702,4.2835016
52702,8.759672,1.0498612,4.2820735
52801,8.762278,1.0503218,4.276629
52901,8.76239,1.0479165,4.2769775
53001,8.764548,1.047733,4.2726083
53101,8.76345,1.0510349,4.2740374
53202,8.764757,1.0501795,4.271585
53301,8.765401,1.0461133,4.271249
53402,8.766554,1.0451746,4.269106
53501,8.766067,1.0445153,4.270284
53602,8.766406,1.0471003,4.2689548
53701,8.764152,1.0455223,4.273972
53801,8.765836,1.046931,4.2701454
53901,8.765019,1.0471768,4.2717814
54002,8.764863,1.0481519,4.2718434
54101,8.764849,1.0505285,4.271296
54202,8.764233,1.0493176,4.2728744
54301,8.764468,1.0486782,4.272542
54401,8.764145,1.049825,4.2729087
54501,8.761607,1.0456436,4.2791524
54602,8.761989,1.0441382,4.278724
54701,8.762071,1.0463544,4.278025
54801,8.763238,1.0471561,4.275438
54901,8.763239,1.0475851,4.2753325
55002,8.765246,1.045627,4.271683
55101,8.764879,1.0440739,4.2728095
55202,8.764941,1.0467516,4.272048
55302,8.7637,1.0469033,4.2745533
55401,8.765689,1.0461857,4.2706347
55502,8.765697,1.0532827,4.2688875
55601,8.764617,1.0525022,4.271283
55702,8.764451,1.0532196,4.271451
55802,8.764267,1.053103,4.2718534
55901,8.76414,1.056815,4.271208
56002,8.765651,1.0533806,4.26895
56101,8.762741,1.0546967,4.274601
56201,8.763354,1.0566978,4.2728453
56301,8.761742,1.0550085,4.27656
56401,8.762051,1.0516695,4.2767587
56502,8.76102,1.0485791,4.2796216
56601,8.760815,1.0509546,4.279475
56701,8.760336,1.0517925,4.2802386
56802,8.762577,1.0502157,4.276045
56901,8.762554,1.0511665,4.275844
57002,8.762754,1.0525513,4.275096
57101,8.7635975,1.0503157,4.273913
57202,8.761866,1.0524688,4.2769556
57302,8.763173,1.051144,4.274581
57401,8.76395,1.05112,4.27299
57501,8.764035,1.0526325,4.272455
57601,8.76254,1.0523721,4.2755885
57702,8.762815,1.051564,4.275225
57802,8.762132,1.0540593,4.276001
57902,8.762489,1.0538883,4.2753124
58001,8.7646265,1.0540774,4.2708783
58101,8.766429,1.0552882,4.266891
58201,8.765663,1.0535767,4.2688785
58302,8.764328,1.0547382,4.2713203
58401,8.764942,1.0521634,4.2707148
58501,8.763396,1.0521634,4.2738767
58603,8.764488,1.0481352,4.2726398
58701,8.764034,1.0492268,4.273276
58802,8.763835,1.0496602,4.2736044
58901,8.764416,1.0487025,4.2726274
59001,8.763394,1.0507764,4.2742195
59102,8.761991,1.0545169,4.276172
59201,8.7597685,1.0587744,4.279686
59301,8.7604885,1.0609747,4.27766
59401,8.761392,1.054524,4.2774005
59502,8.762739,1.0521686,4.275224
59601,8.7621765,1.0565801,4.2752934
59701,8.760542,1.0564468,4.2786555
59801,8.7614,1.054882,4.2772956
59901,8.76295,1.0495734,4.2754383
60002,8.763115,1.0501688,4.2749457
60101,8.763877,1.048321,4.273829
60201,8.764022,1.04535,4.274262
60301,8.763202,1.0450083,4.276033
60401,8.763137,1.0421706,4.276866
60502,8.762845,1.0466051,4.276376
60601,8.764943,1.0481863,4.2716856
60701,8.763834,1.0497621,4.273567
60801,8.764297,1.0496432,4.272646
60902,8.763355,1.0549349,4.273266
61001,8.764356,1.0534639,4.2715926
61101,8.762429,1.060169,4.2738895
61201,8.761083,1.0571789,4.2773757
61301,8.761966,1.0515449,4.276969
61402,8.763515,1.0508132,4.2739716
61501,8.763202,1.0563012,4.2732463
61601,8.763158,1.0514213,4.2745533
61702,8.763263,1.0517846,4.274252
61802,8.763453,1.0482483,4.274724
61901,8.76386,1.045762,4.2744994
62001,8.765492,1.0461674,4.2710447
62101,8.766717,1.0470623,4.268309
62202,8.765744,1.0447253,4.2708874
62301,8.767032,1.0431209,4.268647
62402,8.765623,1.0424446,4.2716866
62501,8.766194,1.0427341,4.270441
62601,8.765931,1.0416472,4.2712574
62705,8.764863,1.0408765,4.273636
62801,8.764991,1.0405855,4.273448
62901,8.762594,1.0422198,4.2779455
63001,8.762224,1.0425793,4.278622
63102,8.764253,1.0426508,4.274452
63201,8.761545,1.0443977,4.2795596
63302,8.76225,1.0425503,4.278582
63402,8.761509,1.0411565,4.2804294
63501,8.760236,1.0408366,4.283114
63601,8.760639,1.042467,4.281899
63701,8.761742,1.0407299,4.280068
63801,8.763102,1.0435499,4.276587
63902,8.762468,1.0440909,4.277767
64001,8.762206,1.0452791,4.278005
64102,8.76328,1.0489509,4.2749104
64201,8.762447,1.0486188,4.276689
64301,8.762749,1.0538942,4.2747736
64401,8.764395,1.0509207,4.272129
64501,8.7667,1.0490468,4.2678614
64601,8.765857,1.0445936,4.2706876
64702,8.764747,1.0517764,4.2711926
64801,8.761805,1.0500007,4.2776647
64901,8.762894,1.0444591,4.276801
65001,8.764337,1.043001,4.2741976
65101,8.762074,1.0421906,4.279036
65202,8.762123,1.038682,4.279778
65301,8.761346,1.0413327,4.280721
65402,8.759848,1.0387297,4.2844305
65501,8.758674,1.0382755,4.28693
65601,8.758386,1.036506,4.287951
65701,8.760091,1.0352161,4.2847795
65801,8.7616825,1.0364166,4.281225
65901,8.761182,1.0393196,4.2815485
66002,8.763238,1.0439719,4.276214
66101,8.763531,1.0437685,4.2756643
66201,8.763433,1.0450442,4.275549
66302,8.764188,1.0452929,4.273938
66401,8.76458,1.044251,4.2733927
66502,8.767198,1.0493264,4.266779
66601,8.7675295,1.0507947,4.26572
66701,8.766675,1.0499548,4.2676935
66802,8.766744,1.0509514,4.267318
66901,8.768269,1.0541066,4.263391
67001,8.767269,1.0564017,4.2648764
67101,8.767648,1.0531764,4.264898
67201,8.768908,1.0492864,4.263276
67301,8.76764,1.0452354,4.266869
67402,8.766843,1.0440131,4.2688084
67501,8.766697,1.0482463,4.268083
67601,8.763954,1.0494889,4.2734
67702,8.7674465,1.0468833,4.2668624
67801,8.765176,1.0448431,4.2720227
67901,8.766461,1.0418676,4.2701044
68002,8.765481,1.0414354,4.2722354
68101,8.766242,1.0381422,4.271472
68201,8.765358,1.0426626,4.272177
68302,8.766406,1.0426822,4.2700334
68401,8.767141,1.0393649,4.2693458
68501,8.765539,1.0446917,4.271305
68602,8.766298,1.044334,4.2698407
68701,8.765826,1.0469413,4.27018
68801,8.765352,1.0434932,4.2720017
68901,8.7663965,1.0455606,4.269347
69002,8.764512,1.0453303,4.27326
69101,8.765117,1.0506111,4.270728
69201,8.765734,1.0482872,4.2700434
69301,8.76528,1.0439687,4.27201
69401,8.763665,1.0453347,4.275003
69502,8.763027,1.039465,4.277746
69601,8.765099,1.0386767,4.27369
69701,8.76403,1.039481,4.2756844
69802,8.761612,1.0385932,4.2808485
69901,8.761918,1.0309894,4.2820683
70001,8.761791,1.030772,4.282379
70101,8.761224,1.0314976,4.2833686
70202,8.760302,1.0355191,4.2842746
70301,8.761048,1.0429902,4.2809386
70402,8.761015,1.0448773,4.2805495
70501,8.75971,1.0465316,4.2828116
70601,8.759351,1.0454583,4.283815
70701,8.759335,1.0485563,4.283078
70802,8.7592535,1.0503201,4.2828207
70901,8.759925,1.0515406,4.281147
71001,8.761682,1.051405,4.2775702
71101,8.761667,1.0567434,4.2763042
71202,8.760878,1.0568275,4.2778997
71302,8.761139,1.0551271,4.277754
71401,8.761499,1.0521219,4.277783
71501,8.764533,1.0504861,4.271958
71601,8.76422,1.0514611,4.272365
71702,8.765725,1.0527105,4.2689714
71801,8.764936,1.0506703,4.2710953
71901,8.766673,1.0476816,4.268251
72001,8.766789,1.050776,4.2672606
72102,8.767918,1.0492765,4.2652955
72201,8.767206,1.0462039,4.2675185
72303,8.767907,1.0437148,4.2666917
72401,8.766596,1.0416349,4.269902
72501,8.767078,1.0378116,4.2698283
72601,8.766658,1.0352012,4.2713346
72702,8.769023,1.0370766,4.2660155
72801,8.771136,1.0454338,4.259622
72901,8.77017,1.0447774,4.2617598
73001,8.769632,1.0431209,4.263279
73102,8.770312,1.0423192,4.2620993
73201,8.771213,1.0456167,4.25942
73302,8.770935,1.0458193,4.259949
73401,8.770717,1.0392139,4.2620163
73502,8.770574,1.0428934,4.2614083
73602,8.769796,1.0456018,4.26236
73701,8.76881,1.0506612,4.2631335
73802,8.770589,1.0475553,4.260237
73901,8.769929,1.0550971,4.2597227
74002,8.770954,1.0523429,4.258307
74101,8.770133,1.0488757,4.2608395
74202,8.770867,1.0507216,4.2588696
74301,8.77114,1.046191,4.259431
74401,8.77035,1.0496967,4.260205
74502,8.770093,1.0484982,4.261027
74602,8.770837,1.0495161,4.259246
74702,8.771149,1.0517285,4.258039
74802,8.772439,1.0490174,4.256058
74901,8.771006,1.0504218,4.258673
75005,8.770397,1.0509332,4.259801
75101,8.768592,1.0484955,4.2641106
75202,8.769033,1.0485922,4.2631817
75302,8.768352,1.0485543,4.264594
75402,8.767958,1.0493051,4.265221
75501,8.767075,1.0553151,4.265539
75601,8.766078,1.057875,4.2669687
75703,8.765818,1.0564061,4.267861
75801,8.767113,1.0555904,4.2653985
75902,8.767341,1.0523604,4.2657433
76001,8.76725,1.0534452,4.265658
76101,8.767222,1.0560341,4.265071
76201,8.7648535,1.0524162,4.270818
76302,8.765477,1.0545509,4.269031
76401,8.764212,1.0557842,4.2713284
76501,8.764775,1.0538048,4.2706413
76601,8.764648,1.055592,4.27046
76701,8.764516,1.0538789,4.271166
76802,8.762863,1.0540903,4.274487
76901,8.7624855,1.0525527,4.2756534
77001,8.762306,1.0501199,4.276625
77101,8.763353,1.048629,4.274826
77201,8.762642,1.046732,4.2767706
77305,8.762276,1.0441964,4.2781262
77401,8.764457,1.0406945,4.2744994
77501,8.766448,1.0392946,4.2707677
77602,8.765286,1.0405577,4.272845
77701,8.763887,1.0397198,4.2759066
77802,8.765453,1.043008,4.271911
77901,8.764929,1.0464748,4.272126
78001,8.764591,1.0415908,4.2740264
78101,8.764591,1.0395479,4.2745285
78201,8.762574,1.0416381,4.2781334
78302,8.763841,1.0432798,4.275145
78401,8.763827,1.045444,4.274626
78501,8.766313,1.0434514,4.270025
78602,8.764737,1.044391,4.273033
78701,8.761528,1.0450959,4.279442
78801,8.764269,1.0503244,4.272532
78901,8.768257,1.0476503,4.265006
79001,8.763986,1.052047,4.2727103
79101,8.764498,1.05393,4.271177
79201,8.765208,1.0512685,4.270376
79301,8.766239,1.0498366,4.2686167
79402,8.767204,1.0471716,4.267279
79501,8.764167,1.0477657,4.2733746
79603,8.765172,1.04426,4.2721596
79702,8.764146,1.0464935,4.273738
79802,8.7637615,1.0492104,4.2738614
79903,8.766463,1.0496403,4.2682133
80001,8.767827,1.0544395,4.2642164
80101,8.767141,1.0552572,4.265439
80202,8.769695,1.0310113,4.266109
80303,8.766125,1.0343202,4.2726264
80401,8.762852,1.0307118,4.280225
80501,8.760769,1.0281755,4.285092
80601,8.759097,1.0330954,4.2873244
80701,8.76899,1.0303665,4.2677064
80801,8.776671,1.0545748,4.2459536
80902,8.774354,1.0660727,4.247865
81001,8.773346,1.0587974,4.251774
81102,8.774223,1.0364956,4.2554574
81201,8.775009,1.0141966,4.2591968
81301,8.772755,1.0085034,4.265182
81401,8.773717,1.01843,4.2608504
81502,8.775951,1.0364889,4.251897
81601,8.775294,1.046687,4.2507515
81701,8.772137,1.0433286,4.2580876
81801,8.771389,1.0302423,4.2628093
81901,8.770969,1.026125,4.2646756
82002,8.769562,1.0341688,4.2656283
82101,8.7701,1.0481308,4.2610974
82201,8.7690325,1.0598975,4.2603855
82301,8.766744,1.0595479,4.265184
82402,8.768412,1.0592875,4.261819
82501,8.768278,1.0479876,4.2648735
82602,8.765973,1.0497464,4.2691865
82701,8.767164,1.0522612,4.26613
82801,8.762806,1.0495815,4.2757053
82902,8.76047,1.0713644,4.275114
83001,8.763705,1.0907413,4.2635612
83101,8.762376,1.0970105,4.264676
83201,8.7636175,1.0911881,4.263632
83302,8.763592,1.078236,4.2669797
83401,8.764233,1.0670351,4.26846
83501,8.764516,1.0643612,4.2685604
83602,8.765814,1.0651222,4.2656975
83701,8.762862,1.065721,4.271626
83802,8.7608,1.0658406,4.2757993
83901,8.763517,1.0536159,4.2732787
84001,8.764238,1.0351921,4.276289
84101,8.762943,1.0216283,4.282211
84201,8.763994,1.0143814,4.2817817
84302,8.765065,1.0235606,4.2773995
84401,8.766029,1.0372031,4.2721295
84501,8.771199,1.0497472,4.2584286
84601,8.777341,1.0691108,4.240929
84701,8.776297,1.0793763,4.240502
84802,8.775687,1.0639318,4.245664
84901,8.773293,1.0391549,4.2567325
85001,8.770762,1.0245731,4.265449
85101,8.77048,1.0266695,4.2655387
85202,8.771168,1.0394076,4.2610326
85301,8.771187,1.0593741,4.2560925
85401,8.770149,1.0618267,4.2576003
85502,8.808057,1.0931758,4.170531
85601,8.796189,1.110067,4.191065
85701,8.795897,1.1269544,4.187165
85802,8.793933,1.1479095,4.1856017
85902,8.792095,1.1550118,4.1875114
86001,8.784476,1.1440517,4.206469
86101,8.783642,1.130943,4.2117405
86202,8.782155,1.1155081,4.218951
86301,8.778698,1.1056728,4.228733
86401,8.777875,1.1021625,4.231342
86501,8.776184,1.1035492,4.2344947
86602,8.775028,1.0994649,4.2379546
86701,8.77539,1.0850085,4.240939
86801,8.7737465,1.07362,4.2472134
86901,8.770336,1.0687001,4.2554965
87002,8.769466,1.0677345,4.257523
87101,8.769851,1.0654542,4.2573156
87201,8.770558,1.0558708,4.258235
87301,8.778705,1.0461668,4.2438354
87401,8.782426,1.0391271,4.237848
87502,8.7784605,1.0435694,4.2449756
87601,8.776345,1.0555282,4.2463913
87701,8.776874,1.0598779,4.244213
87801,8.776423,1.0604577,4.2449927
87901,8.777455,1.0563725,4.243889
88001,8.771306,1.0570903,4.2563915
88102,8.764949,1.0708505,4.266037
88201,8.765363,1.0697134,4.2654753
88301,8.768868,1.0628549,4.2599797
88402,8.77111,1.0534806,4.2576942
88501,8.775634,1.0423391,4.251103
88601,8.769626,1.0437407,4.2631416
88701,8.766817,1.0423598,4.269261
88803,8.766592,1.0395678,4.2704086
88901,8.767317,1.0416788,4.268416
89001,8.766489,1.0435992,4.2696295
89101,8.767016,1.0454891,4.268081
89202,8.766816,1.0419927,4.26936
89301,8.766031,1.0400392,4.2714343
89401,8.766829,1.0377148,4.270383
89501,8.766448,1.036411,4.27148
89602,8.768497,1.0371759,4.2670774
89701,8.769088,1.0371408,4.2658625
89801,8.768433,1.0338324,4.2680116
89901,8.7667265,1.0401322,4.269988
90002,8.766204,1.0450641,4.269863
90101,8.7654505,1.0486445,4.27054
90201,8.76556,1.0506858,4.2697916
90301,8.763708,1.0479542,4.2742686
90401,8.763798,1.0492136,4.2737665
90501,8.76358,1.0533155,4.2732234
90602,8.764067,1.0567536,4.2713556
90701,8.761572,1.0613772,4.2753415
90802,8.761231,1.0596455,4.276462
90901,8.762625,1.0589143,4.2737846
91001,8.762299,1.0572239,4.274891
91102,8.763638,1.0539067,4.272963
91201,8.763328,1.0492417,4.2747297
91301,8.76506,1.0445161,4.272341
91402,8.763688,1.0447984,4.2750697
91501,8.765479,1.0425211,4.271977
91603,8.765944,1.0450152,4.270412
91701,8.767527,1.051046,4.2656813
91801,8.765591,1.0508178,4.2697005
91902,8.765402,1.0450065,4.2715235
92001,8.766572,1.0487305,4.2682076
92101,8.766304,1.051478,4.2680726
92201,8.765654,1.0514208,4.269418
92302,8.765492,1.0538445,4.269175
92401,8.767395,1.0472829,4.266873
92501,8.766258,1.0506699,4.268375
92601,8.76712,1.0487446,4.2670746
92702,8.763399,1.0496812,4.274486
92801,8.764508,1.0685776,4.2675147
92901,8.76163,1.0801065,4.2705164
93002,8.765607,1.0726877,4.2642264
93101,8.776941,1.0470564,4.2472544
93201,8.775978,1.0265409,4.2542367
93301,8.775625,1.0185779,4.256889
93401,8.77396,1.0248209,4.258828
93502,8.774814,1.0373641,4.2540298
93601,8.773018,1.0453377,4.255774
93701,8.774555,1.0328832,4.255653
93802,8.773106,1.0239321,4.260805
93901,8.774365,1.028914,4.2570095
94001,8.771702,1.0412965,4.259469
94101,8.770964,1.044446,4.260233
94204,8.770553,1.0428014,4.2614837
94301,8.772272,1.0346318,4.259941
94401,8.771334,1.03519,4.2617254
94502,8.775553,1.0407182,4.251681
94601,8.775776,1.0419018,4.2509227
94701,8.77504,1.0354394,4.254028
94801,8.769476,1.0311066,4.2665224
94901,8.769339,1.0387822,4.2649465
95002,8.768319,1.0466183,4.265137
95101,8.76775,1.0483623,4.2658734
95201,8.766807,1.0421952,4.2693157
95301,8.766279,1.0417335,4.270524
95401,8.766305,1.0488213,4.2687397
95501,8.763916,1.0540546,4.272349
95602,8.763963,1.0570512,4.2715006
95701,8.764147,1.0545195,4.2717633
95802,8.76512,1.0504642,4.2707615
95901,8.764993,1.0531088,4.27037
96001,8.766718,1.0582356,4.2655654
96101,8.76682,1.0583017,4.265334
96201,8.767771,1.0572344,4.26364
96302,8.768132,1.056101,4.2631764
96401,8.768541,1.0594068,4.2615137
96501,8.768803,1.0567516,4.2616405
96601,8.770888,1.0533421,4.2581825
96701,8.769289,1.0518471,4.2618604
96802,8.7669735,1.0539973,4.2660713
96901,8.766912,1.0561943,4.265664
97001,8.7670145,1.0570912,4.2652245
97101,8.765757,1.0572531,4.2677813
97201,8.766345,1.0582521,4.2663236
97301,8.7657585,1.0572811,4.2677727
97402,8.765317,1.0583888,4.2683954
97501,8.764896,1.0568984,4.2696457
97602,8.764092,1.0582126,4.270961
97701,8.764777,1.0584522,4.2694893
97801,8.764618,1.0604998,4.269317
97905,8.763694,1.0604045,4.271247
98001,8.76361,1.0584313,4.271892
98101,8.76203,1.060989,4.274499
98202,8.763099,1.0582871,4.2729783
98302,8.761646,1.057417,4.27616
98401,8.760923,1.0543264,4.278419
98501,8.76174,1.0542358,4.2767534
98603,8.7616,1.0503125,4.2780113
98701,8.760992,1.0518132,4.278899
98801,8.761082,1.054486,4.278045
98901,8.763067,1.0474644,4.2756987
99002,8.7640505,1.0470854,4.2737823
99101,8.764553,1.0461591,4.2729864
99201,8.765701,1.0436673,4.271229
99309,8.765634,1.0456854,4.270874
99402,8.767608,1.0439993,4.267238
99502,8.767614,1.0462363,4.2666707
99601,8.7671795,1.046661,4.26745
99701,8.766185,1.0513629,4.2683535
99801,8.765076,1.0528873,4.2702527
99903,8.764425,1.0544009,4.2712207
100001,8.764634,1.0530198,4.271127
100101,8.763077,1.0575849,4.273187
100201,8.763117,1.0636449,4.271605
100301,8.762922,1.0614853,4.272543
100402,8.764933,1.0632489,4.2679667
100502,8.765396,1.0584742,4.268215
100602,8.763954,1.0586183,4.271144
100701,8.766372,1.0545342,4.2671895
100801,8.765228,1.0558301,4.2692337
100901,8.765979,1.0546886,4.267949
101001,8.764758,1.0569673,4.2698994
101102,8.76478,1.0565099,4.2699566
101201,8.764538,1.0622016,4.269047
101301,8.764612,1.0618849,4.2689824
101401,8.763981,1.061027,4.2704883
101501,8.764283,1.0625229,4.2695093
101602,8.765813,1.0617434,4.266533
101701,8.765011,1.0629034,4.2678967
101801,8.76453,1.0631974,4.268812
101901,8.76385,1.0667665,4.26932
102001,8.764426,1.0643191,4.268761
102101,8.763452,1.0654668,4.2704635
102201,8.763287,1.0616852,4.2717404
102302,8.764192,1.0609719,4.270068
102401,8.764862,1.0608523,4.268734
102502,8.765219,1.0626673,4.267528
102601,8.765089,1.0620252,4.267966
102701,8.76529,1.0626158,4.267408
102803,8.7639,1.0652052,4.2696095
102901,8.763696,1.0643077,4.2702565
103002,8.764358,1.061028,4.269716
103101,8.763203,1.0619457,4.2718616
103201,8.765396,1.0636194,4.2669415
103301,8.764165,1.0642323,4.269314
103401,8.764686,1.0646415,4.26814
103501,8.762404,1.0677272,4.2720537
103602,8.7622,1.0709763,4.2716694
103701,8.761209,1.0735893,4.273056
103801,8.762589,1.0717341,4.2706566
103901,8.763274,1.0697178,4.269771
104002,8.764867,1.0681717,4.2668896
104102,8.76552,1.066747,4.2659097
104201,8.76518,1.0694021,4.265936
104302,8.765944,1.067868,4.264743
104401,8.766538,1.0668136,4.2637963
104502,8.767822,1.0614994,4.262472
104601,8.767074,1.0625854,4.2637343
104702,8.766369,1.0632926,4.2650247
104801,8.766002,1.0649141,4.2653623
104902,8.764533,1.0679069,4.267631
105001,8.763482,1.069593,4.269361
105101,8.763191,1.0712624,4.2695427
105201,8.761698,1.0732986,4.2720933
105302,8.760606,1.0719366,4.2746887
105401,8.760505,1.0697361,4.2754374
105501,8.762521,1.0619366,4.273263
105601,8.761688,1.0661623,4.2739177
105701,8.76026,1.0691367,4.276108
105802,8.762197,1.0690125,4.272149
105901,8.760495,1.0679016,4.27594
106001,8.761728,1.064272,4.2743006
106101,8.761121,1.0630355,4.275845
106202,8.760738,1.0659724,4.2759037
106301,8.760683,1.0679636,4.2755294
106401,8.759471,1.0706044,4.277345
106501,8.759501,1.0668203,4.2782364
106601,8.76159,1.0642338,4.274592
106701,8.763411,1.0605849,4.2717643
106801,8.764599,1.0591853,4.2696786
106902,8.762643,1.0592358,4.2736864
107001,8.763441,1.0601059,4.2718253
107101,8.764022,1.0564225,4.2715416
107201,8.764372,1.0568507,4.2707233
107302,8.765661,1.0531428,4.2689843
107401,8.765221,1.0522352,4.2701125
107502,8.76424,1.051998,4.2721925
107601,8.764218,1.0533985,4.2718873
107701,8.764064,1.0529928,4.2722964
107801,8.765186,1.0521005,4.270217
107901,8.765615,1.0533689,4.269045
108002,8.763908,1.0548142,4.272181
108101,8.764396,1.0501251,4.2723184
108201,8.764756,1.047897,4.2721395
108306,8.763828,1.0494982,4.2736583
108401,8.76338,1.0511273,4.274165
108501,8.762804,1.0534482,4.2747736
108601,8.764669,1.0505626,4.2716613
108702,8.764887,1.0468565,4.272113
108802,8.765291,1.0492516,4.270708
108902,8.7657175,1.045229,4.270827
109002,8.764885,1.045667,4.2724195
109101,8.765156,1.0449437,4.272039
109201,8.765151,1.0467134,4.271604
109301,8.763797,1.0515958,4.2731967
109402,8.764527,1.0473887,4.272738
109501,8.765003,1.0483716,4.2715116
109601,8.76428,1.0510437,4.2723494
109701,8.765879,1.0465891,4.2701545
109803,8.763812,1.0473315,4.274195
109902,8.764484,1.0508313,4.27199
110001,8.763473,1.0494468,4.274393
110101,8.763349,1.0473615,4.2751718
110201,8.763197,1.0428704,4.276564
110302,8.764409,1.0399401,4.274789
110401,8.763271,1.0454869,4.275777
110502,8.764118,1.0427462,4.2747045
110601,8.765041,1.0406927,4.2733235
110701,8.764809,1.0403867,4.2738624
110802,8.764797,1.0410057,4.2737284
110901,8.762982,1.0436423,4.2768083
111001,8.762309,1.043708,4.2781706
111101,8.763981,1.0431261,4.2749014
111202,8.762492,1.0492946,4.2764435
111301,8.764304,1.0454811,4.2736425
111402,8.763002,1.0462898,4.276116
111501,8.764576,1.04381,4.2735023
111601,8.764553,1.0454148,4.2731676
111702,8.7643795,1.0492197,4.2725916
111801,8.764195,1.0461504,4.273706
111902,8.763015,1.0505034,4.275066
112002,8.764001,1.0489918,4.273413
112101,8.763022,1.0533363,4.2743545
112201,8.763239,1.054173,4.2736964
112302,8.764341,1.0490102,4.2727184
112402,8.761826,1.0508643,4.277411
112501,8.7631035,1.0486284,4.275356
112601,8.762939,1.0470132,4.2760925
112701,8.763572,1.054194,4.273014
112802,8.763012,1.0550112,4.273954
112904,8.763222,1.05344,4.2739177
113001,8.762896,1.0572332,4.2736616
113102,8.762365,1.056991,4.2748084
113201,8.763256,1.061113,4.2719464
113301,8.761737,1.065838,4.2738976
113402,8.762868,1.0653604,4.271712
113501,8.760909,1.0651366,4.2757545
113602,8.760664,1.0650419,4.276292
113701,8.760239,1.0646663,4.27726
113801,8.7604685,1.0646598,4.276781
113901,8.75825,1.0681778,4.28046
114001,8.759715,1.0671084,4.2777305
114106,8.760538,1.0641627,4.276764
114207,8.75987,1.0642501,4.278115
114302,8.759513,1.0643054,4.278838
114401,8.760106,1.0602332,4.278625
114501,8.760343,1.055968,4.2792087
114602,8.758862,1.0597414,4.281288
114701,8.760525,1.0590117,4.278078
114802,8.762519,1.0577321,4.2743115
114901,8.761975,1.0583564,4.275264
115001,8.762917,1.06057,4.272771
115101,8.761746,1.0614567,4.274951
115202,8.763288,1.0619652,4.271682
115302,8.762774,1.064024,4.2722178
115402,8.763994,1.0632272,4.269914
115502,8.764839,1.0609736,4.268746
115602,8.7657795,1.057145,4.2677627
115701,8.764771,1.05875,4.2694464
115804,8.764114,1.056746,4.2712708
115902,8.763409,1.0540057,4.2734003
116004,8.763026,1.0571254,4.273413
116102,8.763462,1.0542159,4.273233
116201,8.762273,1.0613441,4.2739058
116302,8.761924,1.0616175,4.27455
116401,8.762125,1.0596017,4.274641
116501,8.763831,1.0602821,4.270984
116602,8.764079,1.0603882,4.270449
116701,8.763404,1.0579727,4.2724338
116802,8.762288,1.0560461,4.275192
116902,8.763182,1.0539497,4.2738886
117001,8.76264,1.056599,4.274324
117101,8.761643,1.0554245,4.2766724
117202,8.761384,1.0537732,4.2776012
117301,8.759822,1.0492837,4.2819085
117401,8.760815,1.043321,4.281324
117503,8.758975,1.0470651,4.2841897
117602,8.760179,1.0483079,4.2814097
117701,8.760883,1.044689,4.280856
117801,8.760357,1.0479943,4.2811394
117902,8.761993,1.0515882,4.2769
118002,8.761802,1.0515239,4.277295
118101,8.76389,1.0467311,4.2742043
118202,8.761826,1.0479946,4.278113
118301,8.764053,1.0466926,4.2738867
118401,8.746447,0.9885528,4.3235016
118502,8.728147,0.94224226,4.3705688
118601,8.732057,0.9520997,4.3606143
118701,8.736318,0.9691458,4.348309
118801,8.741046,0.98316115,4.3356366
118902,8.745312,0.9912743,4.3251586
119001,8.748842,0.9973574,4.3166194
119101,8.750747,0.9989769,4.312379
119202,8.754748,1.0061373,4.3026037
119301,8.755232,1.0108322,4.3005066
119401,8.755711,1.0168068,4.29813
119501,8.758853,1.0212828,4.2906575
119602,8.759088,1.0236609,4.289594
119701,8.760945,1.0300132,4.2842827
119801,8.759977,1.0311095,4.28599
119902,8.760719,1.034836,4.2835865
120001,8.762168,1.0344255,4.2807274
120102,8.761227,1.038354,4.281702
120201,8.762353,1.0380013,4.2794847
120301,8.764793,1.048743,4.271847
120401,8.764994,1.0615557,4.2682815
120501,8.763856,1.0660951,4.2694755
120602,8.766243,1.0708927,4.2633705
120701,8.763711,1.07421,4.2677536
120801,8.765411,1.0774208,4.2634473
120901,8.76536,1.0778061,4.2634563
121002,8.7652,1.0793077,4.263394
121101,8.764933,1.0767192,4.2646027
121201,8.76614,1.0638118,4.2653575
121301,8.765505,1.0521146,4.269571
121402,8.764633,1.0359405,4.2753
121501,8.764238,1.0337954,4.2766395
121601,8.764744,1.0389739,4.274342
121702,8.762714,1.0470532,4.2765265
121801,8.763428,1.0505615,4.2741976
121901,8.761968,1.0469395,4.278088
122001,8.760274,1.0425138,4.2826276
122101,8.761371,1.042531,4.280384
122201,8.76182,1.0417329,4.2796645
122302,8.763215,1.0465811,4.2756186
122401,8.761264,1.051388,4.278454
122502,8.762471,1.0489397,4.2765718
122601,8.763358,1.0499974,4.274486
122702,8.763164,1.0523773,4.2742963
122801,8.763584,1.0505285,4.273904
122901,8.764041,1.0513842,4.272751
123001,8.762232,1.0512729,4.2764864
123102,8.76345,1.0492592,4.2744837
123201,8.76465,1.0463985,4.2727213
123301,8.762064,1.0463176,4.27804
123401,8.761716,1.0438026,4.279366
123502,8.762569,1.0416101,4.2781534
123601,8.7610445,1.045451,4.2803497
123702,8.760724,1.0517027,4.27947
123801,8.762148,1.0584166,4.274903
123901,8.761516,1.059633,4.275895
124001,8.761169,1.0668226,4.2748127
124102,8.762552,1.0731351,4.2703886
124201,8.76446,1.0935993,4.26127
124302,8.763135,1.112745,4.2590404
124401,8.76144,1.1376526,4.2559557
124501,8.761231,1.1564895,4.2513003
124601,8.761404,1.1698782,4.247274
124702,8.764506,1.1856266,4.23649
124801,8.7635145,1.1802129,4.2400594
124902,8.764998,1.1684821,4.2402425
125001,8.766255,1.1800921,4.2344284
125101,8.766297,1.1805156,4.234228
125201,8.765193,1.1808094,4.2364206
125302,8.766,1.1787156,4.2353487
125401,8.768011,1.1733572,4.2326617
125502,8.767928,1.1656278,4.2349577
125601,8.766983,1.1727943,4.234939
125701,8.767185,1.1776471,4.233179
125802,8.765905,1.180145,4.2351375
125902,8.765522,1.1763995,4.2369633
126001,8.764903,1.1874133,4.235165
126101,8.764956,1.2375729,4.2206826
126201,8.764028,1.2295152,4.224973
126302,8.764726,1.1998589,4.2320385
126401,8.764711,1.1631471,4.2422967
126501,8.763806,1.1275927,4.2537575
126602,8.764713,1.1047052,4.257892
126702,8.763256,1.0953543,4.2633104
126801,8.762374,1.1025208,4.263261
126901,8.762572,1.1093527,4.2610946
127002,8.764369,1.1102307,4.257163
127104,8.764055,1.1014667,4.260088
127202,8.762848,1.096753,4.263787
127301,8.763805,1.0930855,4.262737
127401,8.764549,1.0954332,4.260616
127501,8.765424,1.0934292,4.2593393
127601,8.764494,1.0908043,4.2619133
127702,8.762921,1.086147,4.266329
127801,8.762643,1.0841295,4.267425
127901,8.762866,1.0863708,4.266399
128002,8.761302,1.0842539,4.2701535
128105,8.759237,1.0821377,4.2749104
128201,8.760904,1.0825307,4.2714
128301,8.758282,1.083938,4.2764263
128401,8.75811,1.0782021,4.278225
128504,8.760063,1.0766286,4.274632
128602,8.761039,1.0756906,4.2728467
128702,8.761975,1.0753596,4.2710166
128802,8.763112,1.0781837,4.267972
128901,8.761859,1.0842724,4.2689905
129002,8.7631235,1.0856273,4.266061
129102,8.762359,1.085388,4.267685
129204,8.765047,1.0837725,4.2625813
129301,8.765733,1.0838416,4.261156
129402,8.766474,1.0828373,4.2598705
129501,8.767346,1.0844936,4.257658
129601,8.766433,1.0838988,4.259696
129701,8.767721,1.0790282,4.2582827
129801,8.766515,1.0722481,4.2624774
129902,8.767641,1.0681512,4.2611885
130002,8.767946,1.0678577,4.260635
130101,8.767697,1.0687404,4.2609267
130202,8.769918,1.069208,4.256241
130301,8.768253,1.0694836,4.2595906
130402,8.769219,1.0712706,4.2571545
130501,8.77008,1.0717928,4.2552443
130602,8.769941,1.073808,4.2550354
130701,8.770868,1.0741504,4.253028
130801,8.769259,1.0758277,4.255916
130901,8.768137,1.0745666,4.2585497
131001,8.768715,1.0719965,4.258013
131102,8.769266,1.0760435,4.25585
131201,8.76953,1.073451,4.2559805
131301,8.767312,1.0823425,4.258287
131402,8.767143,1.0854882,4.2578373
131501,8.768824,1.0864786,4.2540994
131602,8.7689905,1.0871131,4.253626
131701,8.769253,1.0870371,4.253082
131801,8.769881,1.0874901,4.251681
131902,8.768412,1.0899934,4.2540684
132001,8.768836,1.0930685,4.252395
132101,8.768242,1.089937,4.2544193
132202,8.768677,1.0890332,4.253757
132302,8.7676,1.0911317,4.255447
132401,8.767542,1.0930028,4.2550974
132502,8.76778,1.0931462,4.2545695
132601,8.767916,1.0924945,4.2544346
132701,8.768268,1.094939,4.253093
132801,8.767001,1.0919918,4.2564692
132902,8.766573,1.093675,4.256892
133001,8.7666025,1.0923618,4.2571845
133101,8.766935,1.0923147,4.2565093
133201,8.76725,1.0941341,4.255385
133301,8.768525,1.0875676,4.254445
133402,8.77056,1.0850863,4.2508936
133501,8.770019,1.087057,4.2515
133601,8.769225,1.0842682,4.2538414
133701,8.769903,1.0844558,4.2523932
133801,8.768195,1.0831494,4.2562695
133902,8.768677,1.0806261,4.2559
134001,8.7701235,1.0822777,4.252496
134101,8.771289,1.0810858,4.2504134
134202,8.773014,1.0853423,4.2457523
134301,8.77415,1.0887612,4.242533
134401,8.773019,1.087036,4.245313
134502,8.774519,1.0896415,4.2415485
134601,8.775229,1.0918387,4.2395053
134701,8.774583,1.0981073,4.239232
134801,8.77391,1.0964087,4.241058
134902,8.7742815,1.0997751,4.2394257
135001,8.772737,1.0973125,4.2432475
135101,8.771751,1.09048,4.2470584
135201,8.772412,1.0887588,4.2461324
135302,8.771859,1.0916411,4.246526
135401,8.770357,1.0926155,4.249375
135502,8.771248,1.0893083,4.248392
135601,8.772526,1.0841323,4.2470627
135702,8.773594,1.0832404,4.2450914
135801,8.776728,1.0795575,4.239552
135902,8.776392,1.0777175,4.24071
136002,8.7748575,1.0772803,4.2439895
136104,8.776803,1.073929,4.240832
136201,8.774638,1.0776894,4.2443514
136302,8.772134,1.0807278,4.2487535
136401,8.772934,1.080753,4.247098
136501,8.773434,1.079146,4.246469
136601,8.772839,1.0806644,4.2473183
136702,8.772768,1.0848194,4.2463865
136801,8.773355,1.0821692,4.245872
136901,8.77466,1.0796984,4.2437997
137002,8.773561,1.0824451,4.2453613
137102,8.773817,1.089121,4.2431273
137201,8.772473,1.0871689,4.2464037
137301,8.772413,1.0859978,4.246823
137402,8.772189,1.0881112,4.246745
137501,8.7715225,1.093368,4.2467785
137601,8.772525,1.0959724,4.2440386
137701,8.772429,1.093599,4.244838
137802,8.772276,1.0972621,4.2442217
137901,8.773299,1.0966493,4.2422566
138001,8.773053,1.0999796,4.241917
138102,8.773323,1.0977163,4.241932
138201,8.773086,1.1037507,4.2408667
138302,8.772675,1.1002591,4.24262
138401,8.77246,1.0989511,4.243391
138502,8.772129,1.0991254,4.2440405
138601,8.7727995,1.0953417,4.243631
138702,8.774455,1.0887206,4.241918
138801,8.774549,1.0891826,4.2416124
138902,8.774061,1.0847473,4.243747
139001,8.774702,1.0811907,4.243341
139101,8.774453,1.0756708,4.245256
139201,8.77589,1.0744252,4.2426004
139302,8.77457,1.072627,4.245765
139401,8.775428,1.0679014,4.245187
139501,8.772705,1.0675406,4.2509017
139602,8.772137,1.0695994,4.251567
139701,8.77172,1.0689509,4.2525907
139801,8.771637,1.0747361,4.2513094
139901,8.770205,1.0754615,4.254066
140001,8.769969,1.0776258,4.2540073
140102,8.768964,1.0798355,4.2555285
140201,8.767645,1.0794278,4.258347
140301,8.767878,1.0771601,4.2584248
140402,8.76486,1.0829124,4.263175
140503,8.7643795,1.0837045,4.263961
140601,8.764609,1.0848925,4.263202
140701,8.765949,1.0864418,4.260054
140801,8.767161,1.0878873,4.2571793
140901,8.7652445,1.0885023,4.260965
141002,8.765472,1.0862916,4.261061
141101,8.765967,1.0875273,4.259738
141201,8.764204,1.0856547,4.263831
141301,8.761629,1.0908859,4.2677836
141401,8.763458,1.084626,4.2656207
141501,8.765723,1.0847574,4.2609205
141602,8.764063,1.0855919,4.264139
141702,8.762814,1.0862559,4.2665334
141801,8.764714,1.0923306,4.2610946
141901,8.767012,1.0880779,4.2574453
142001,8.76574,1.0936273,4.2586384
142101,8.76426,1.0945368,4.261449
142202,8.766021,1.0931433,4.2581778
142301,8.766668,1.0939138,4.2566457
142401,8.765805,1.0951462,4.258105
142501,8.766301,1.0928458,4.2576766
142601,8.767324,1.0969422,4.254521
142702,8.766536,1.1001391,4.255336
142803,8.766717,1.1013652,4.2546353
142901,8.76781,1.0962112,4.2537017
143001,8.768167,1.0941478,4.2535114
143101,8.770526,1.0960797,4.2481275
143202,8.773007,1.0877476,4.24515
143301,8.77353,1.0923274,4.2429147
143401,8.773421,1.0922832,4.2431417
143502,8.773113,1.091122,4.2440596
143601,8.7746525,1.0906372,4.2410197
143701,8.776114,1.0884836,4.2385483
143801,8.775579,1.0903128,4.2391896
143903,8.774259,1.0937598,4.241018
144001,8.77516,1.0875381,4.240768
144101,8.77473,1.0848262,4.242351
144202,8.777498,1.0821587,4.23729
144301,8.777309,1.0787015,4.2385707
144401,8.775746,1.072118,4.2434754
144501,8.776909,1.0670269,4.2423525
144602,8.777039,1.0644407,4.242738
144701,8.777768,1.0651193,4.241059
144801,8.77597,1.0669425,4.2443066
144901,8.778124,1.0613339,4.2412505
145002,8.777693,1.0553405,4.243645
145101,8.776555,1.0631483,4.244056
145201,8.777143,1.0725176,4.2404823
145301,8.776886,1.076744,4.23994
145401,8.773739,1.080764,4.2454305
145502,8.772884,1.0878166,4.245374
145601,8.77211,1.091298,4.2460966
145701,8.771729,1.0969082,4.245444
145801,8.772106,1.0949308,4.2451673
145901,8.77357,1.094097,4.2423496
146002,8.771625,1.0967276,4.2457013
146101,8.77238,1.0966592,4.2441616
146201,8.774039,1.0935444,4.2415333
146303,8.775077,1.0909803,4.2400417
146401,8.776229,1.0883596,4.2383366
146501,8.773261,1.0892098,4.244261
146602,8.771303,1.0837647,4.2496915
146702,8.772641,1.0779306,4.248418
146802,8.771651,1.0804365,4.2498236
146901,8.771257,1.0836759,4.2497945
147002,8.771788,1.0975533,4.245154
147101,8.770895,1.1112969,4.2434187
147201,8.771124,1.1096786,4.24337
147302,8.770912,1.1018381,4.245844
147401,8.770103,1.1024598,4.247356
147501,8.769991,1.0991166,4.248469
147602,8.76953,1.1057953,4.2476892
147701,8.769305,1.1046108,4.2484474
147801,8.770521,1.105361,4.2457438
147901,8.771164,1.1023606,4.245189
148002,8.7703705,1.1008965,4.2472115
148101,8.770714,1.1050475,4.245428
148201,8.768645,1.1031389,4.250198
148302,8.770252,1.100178,4.247644
148406,8.76797,1.0998393,4.25245
148501,8.767359,1.0999048,4.2536817
148601,8.769008,1.0985945,4.2506223
148701,8.769018,1.0955071,4.251413
148801,8.768838,1.1002452,4.2505336
148902,8.768277,1.0932792,4.2535024
149001,8.76957,1.0956255,4.2502317
149102,8.767727,1.0945652,4.254301
149201,8.767361,1.0954083,4.254845
149301,8.768614,1.095904,4.2521424
149401,8.767987,1.0918852,4.2544413
149501,8.766536,1.0901381,4.2578936
149602,8.76926,1.0882454,4.252774
149701,8.769944,1.0861661,4.25188
149801,8.772266,1.0820152,4.2481475
149902,8.772569,1.0819054,4.2475495
150001,8.773042,1.0749992,4.248326
150101,8.774838,1.0759265,4.2443748
150201,8.774263,1.0757669,4.245601
150302,8.776757,1.0746002,4.240758
150401,8.775107,1.0792753,4.2429733
150501,8.775069,1.0815756,4.2424693
150602,8.774713,1.08206,4.243076
150701,8.772664,1.0844702,4.246697
150802,8.772589,1.0879583,4.245948
150901,8.773001,1.0866446,4.245436
151001,8.7739,1.0867589,4.2435503
151101,8.772921,1.0866122,4.245619
151201,8.771458,1.0880542,4.2482777
151302,8.771187,1.0891498,4.248572
151401,8.77006,1.0927155,4.249978
151502,8.769404,1.0911381,4.251718
151601,8.770737,1.091521,4.248885
151701,8.771557,1.0887399,4.247895
151802,8.771909,1.0863787,4.2477813
151901,8.773175,1.0859994,4.245247
152001,8.773894,1.0812813,4.2449746
152101,8.775015,1.0780919,4.243454
152201,8.775968,1.0805668,4.2408724
152302,8.773774,1.0817192,4.24511
152401,8.773615,1.0819892,4.245372
152501,8.773484,1.0770503,4.2468987
152602,8.773149,1.0776781,4.247434
152701,8.767065,1.0989152,4.2545395
152802,8.768905,1.0999948,4.250461
152901,8.77111,1.0996515,4.2460103
153001,8.769901,1.0940046,4.2499633
153101,8.77147,1.0883988,4.248156
153201,8.770151,1.0900159,4.250474
153302,8.770136,1.0883008,4.250953
153401,8.771722,1.0861834,4.2482185
153501,8.77247,1.0794892,4.248378
153601,8.772164,1.0790926,4.249114
153701,8.773555,1.0840353,4.24499
153801,8.774568,1.0857333,4.242441
153902,8.773733,1.08236,4.2450347
154001,8.773952,1.0825094,4.2445445
154101,8.773781,1.0829145,4.2447963
154201,8.775557,1.0799527,4.2418733
154301,8.775574,1.0793781,4.241981
154401,8.775204,1.0772847,4.243292
154502,8.773864,1.0789958,4.245622
154601,8.773418,1.0771482,4.247001
154701,8.771796,1.079968,4.2496433
154801,8.771757,1.0769252,4.250493
154901,8.770151,1.0760531,4.25402
155001,8.772317,1.0764763,4.249459
155102,8.772317,1.0764763,4.249459
155201,8.772317,1.0764763,4.249459
155301,8.772317,1.0764763,4.249459
155401,8.772317,1.0764763,4.249459
155501,8.772317,1.0764763,4.249459
155601,8.772317,1.0764763,4.249459
