Milliseconds,X,Y,Z,cos,headingAccuracy
11,0.176347,0.189843,0.735055,0.626541,246.0
100,0.176205,0.189839,0.735056,0.626582,246.0
200,0.176315,0.189736,0.735129,0.626496,246.0
300,0.175788,0.189621,0.73546,0.62629,246.0
400,0.175376,0.189527,0.736142,0.625633,246.0
501,0.175501,0.189702,0.736307,0.625351,246.0
600,0.175503,0.189444,0.736573,0.625115,246.0
700,0.17551,0.189296,0.736853,0.624827,246.0
800,0.175496,0.189272,0.736969,0.624702,246.0
901,0.175508,0.189229,0.736637,0.625103,246.0
1000,0.175573,0.189554,0.736409,0.625255,246.0
1100,0.17555,0.189539,0.736274,0.625425,246.0
1200,0.175464,0.189511,0.736436,0.625266,246.0
1301,0.175375,0.189282,0.73659,0.62518,246.0
1400,0.175498,0.189171,0.736717,0.625029,246.0
1500,0.175684,0.189195,0.736715,0.624972,246.0
1600,0.175577,0.189056,0.73675,0.625003,246.0
1701,0.175681,0.189142,0.736693,0.625015,246.0
1800,0.175516,0.189123,0.736498,0.625297,246.0
1901,0.17529,0.189174,0.736623,0.625197,246.0
2000,0.17507,0.189323,0.736949,0.624829,246.0
2100,0.174945,0.189238,0.737291,0.624486,246.0
2201,0.174957,0.189204,0.737353,0.624421,246.0
2300,0.175089,0.189024,0.737452,0.624321,246.0
2400,0.175167,0.189052,0.737463,0.624278,246.0
2500,0.175352,0.189025,0.737321,0.624402,246.0
2600,0.175367,0.189267,0.73706,0.624632,246.0
2701,0.175508,0.189345,0.736885,0.624775,246.0
2800,0.175725,0.189376,0.736762,0.62485,246.0
2900,0.175622,0.189422,0.736549,0.625116,246.0
3000,0.175837,0.189421,0.736335,0.625308,246.0
3100,0.176163,0.189119,0.736313,0.625334,246.0
3201,0.176479,0.189024,0.736139,0.625478,246.0
3300,0.176717,0.188856,0.735925,0.625713,246.0
3400,0.176928,0.18885,0.735649,0.62598,246.0
3501,0.176808,0.188903,0.735674,0.625969,246.0
3600,0.176723,0.188888,0.735687,0.625982,246.0
3700,0.17645,0.188873,0.736026,0.625664,246.0
3800,0.176232,0.188817,0.735938,0.625847,246.0
3901,0.176417,0.188805,0.736293,0.62538,246.0
4000,0.176617,0.188643,0.736205,0.625477,246.0
4100,0.176735,0.188485,0.735969,0.625769,246.0
4200,0.176711,0.188511,0.736111,0.6256,246.0
4300,0.176563,0.188532,0.736218,0.62551,246.0
4400,0.176392,0.188633,0.736441,0.625265,246.0
4501,0.176297,0.188682,0.736366,0.625366,246.0
4600,0.176441,0.188995,0.736091,0.625555,246.0
4700,0.176648,0.189196,0.735805,0.625771,246.0
4800,0.17677,0.189122,0.73558,0.626024,246.0
4901,0.17684,0.189174,0.735525,0.626052,246.0
5000,0.17714,0.188921,0.735515,0.626057,246.0
5100,0.177134,0.188796,0.735444,0.626179,246.0
5201,0.177192,0.1889,0.735267,0.626339,246.0
5300,0.177398,0.188827,0.735167,0.62642,246.0
5400,0.177462,0.188753,0.735211,0.626373,246.0
5500,0.177513,0.188705,0.735448,0.626094,246.0
5601,0.177522,0.188882,0.735125,0.626418,246.0
5700,0.177655,0.189015,0.734737,0.626795,246.0
5801,0.177487,0.189105,0.734675,0.626888,246.0
5900,0.177717,0.189121,0.734577,0.626932,246.0
6000,0.177906,0.189186,0.734543,0.626899,246.0
6100,0.178334,0.188948,0.734172,0.627285,246.0
6201,0.178474,0.188823,0.734061,0.627411,246.0
6300,0.178515,0.188585,0.734145,0.627374,246.0
6400,0.178398,0.188427,0.734031,0.627587,246.0
6500,0.178226,0.188474,0.734374,0.627221,246.0
6600,0.178155,0.188504,0.734464,0.627127,246.0
6700,0.178306,0.188488,0.734213,0.627382,246.0
6801,0.178442,0.188686,0.733987,0.627549,246.0
6900,0.178441,0.188834,0.733888,0.627621,246.0
7000,0.178211,0.189047,0.733655,0.627893,246.0
7100,0.177907,0.189109,0.733863,0.627718,246.0
7200,0.1779,0.188986,0.734066,0.62752,246.0
7300,0.177766,0.189028,0.734197,0.627393,246.0
7400,0.177774,0.18883,0.73435,0.62727,246.0
7500,0.177693,0.188853,0.734248,0.627405,246.0
7600,0.17771,0.188808,0.734723,0.626858,246.0
7700,0.177556,0.188797,0.734728,0.626899,246.0
7800,0.177566,0.188807,0.734756,0.626861,246.0
7901,0.177556,0.189027,0.734612,0.626966,246.0
8000,0.177593,0.189148,0.734512,0.627036,246.0
8100,0.177436,0.189255,0.734376,0.627207,246.0
8200,0.177571,0.189277,0.734514,0.627001,246.0
8300,0.177624,0.189149,0.734422,0.627132,246.0
8401,0.177669,0.188863,0.734472,0.627147,246.0
8500,0.17758,0.188929,0.734511,0.627107,246.0
8600,0.177697,0.188877,0.734362,0.627263,246.0
8700,0.177659,0.18876,0.73465,0.626972,246.0
8800,0.177681,0.188644,0.734829,0.626791,246.0
8901,0.177441,0.188353,0.735108,0.62662,246.0
9000,0.177239,0.188716,0.73533,0.626307,246.0
9100,0.177267,0.188829,0.735275,0.62633,246.0
9200,0.17715,0.188881,0.735222,0.626409,246.0
9301,0.177281,0.188826,0.735059,0.62658,246.0
9400,0.177406,0.188792,0.735075,0.626536,246.0
9500,0.177326,0.188766,0.734915,0.626755,246.0
9600,0.177501,0.188746,0.735132,0.626456,246.0
9701,0.177385,0.18863,0.735031,0.626642,246.0
9800,0.177248,0.188707,0.73515,0.626519,246.0
9900,0.177383,0.188827,0.735133,0.626464,246.0
10000,0.177088,0.188491,0.73544,0.626289,246.0
10100,0.177168,0.188811,0.735491,0.626109,246.0
10200,0.177369,0.188761,0.735367,0.626213,246.0
10301,0.177794,0.188737,0.734914,0.626632,246.0
10400,0.178076,0.188604,0.7348,0.626725,246.0
10500,0.178283,0.188512,0.734716,0.626793,246.0
10600,0.178344,0.188549,0.734375,0.627164,246.0
10700,0.178389,0.188607,0.734234,0.627299,246.0
10801,0.17842,0.188845,0.734068,0.627413,246.0
10901,0.178496,0.188842,0.733881,0.627611,246.0
11000,0.178536,0.188966,0.733869,0.627576,246.0
11100,0.178539,0.188911,0.733626,0.627876,246.0
11200,0.178497,0.188961,0.733502,0.628018,246.0
11301,0.17829,0.189036,0.733599,0.62794,246.0
11400,0.178156,0.188945,0.733767,0.627809,246.0
11500,0.178125,0.188774,0.734152,0.627419,246.0
11600,0.178155,0.188647,0.734424,0.627131,246.0
11700,0.178083,0.188581,0.734383,0.627219,246.0
11801,0.178057,0.188608,0.73451,0.627069,246.0
11900,0.178016,0.1887,0.734533,0.627026,246.0
12000,0.177757,0.188831,0.734497,0.627102,246.0
12100,0.177682,0.18887,0.734615,0.626974,246.0
12200,0.177674,0.188865,0.734565,0.627037,246.0
12301,0.17765,0.188974,0.734584,0.626988,246.0
12400,0.17775,0.189007,0.734626,0.626901,246.0
12500,0.177838,0.18897,0.734398,0.627153,246.0
12600,0.178082,0.189013,0.734062,0.627465,246.0
12700,0.178464,0.189091,0.733906,0.627516,246.0
12801,0.17879,0.188928,0.73344,0.628017,246.0
12900,0.1789,0.189021,0.733258,0.62817,246.0
13000,0.178835,0.189009,0.733275,0.628172,246.0
13101,0.17851,0.188911,0.733353,0.628203,246.0
13200,0.17844,0.188951,0.73359,0.627934,246.0
13300,0.178342,0.188934,0.733836,0.627679,246.0
13400,0.178381,0.188935,0.733813,0.627695,246.0
13501,0.178459,0.188963,0.733686,0.627812,246.0
13600,0.178449,0.189045,0.733667,0.627812,246.0
13700,0.178623,0.189209,0.733377,0.628053,246.0
13801,0.178785,0.18924,0.733157,0.628253,246.0
13900,0.17871,0.189313,0.732943,0.628503,246.0
14000,0.1786,0.189477,0.732759,0.628699,246.0
14100,0.178387,0.189501,0.732897,0.628592,246.0
14200,0.178613,0.189368,0.732848,0.628625,246.0
14300,0.178625,0.189185,0.732863,0.628659,246.0
14401,0.178646,0.189272,0.733125,0.628322,246.0
14500,0.178645,0.189352,0.732778,0.628702,246.0
14600,0.17883,0.189278,0.732779,0.628671,246.0
14700,0.178796,0.189351,0.73264,0.628821,246.0
14801,0.178827,0.189376,0.732673,0.628766,246.0
14900,0.178846,0.189246,0.732793,0.628659,246.0
15000,0.178763,0.189628,0.732606,0.628786,246.0
15100,0.178678,0.189791,0.73247,0.628919,246.0
15200,0.178797,0.18954,0.732627,0.628778,246.0
15301,0.178797,0.189428,0.732631,0.628807,246.0
15400,0.178842,0.189585,0.732637,0.62874,246.0
15500,0.178726,0.189481,0.732721,0.628707,246.0
15600,0.178712,0.189205,0.733156,0.628286,246.0
15701,0.179013,0.189405,0.732973,0.628355,246.0
15800,0.179152,0.189137,0.732829,0.628563,246.0
15900,0.17934,0.189122,0.732707,0.628656,246.0
16000,0.179424,0.188841,0.732919,0.62847,246.0
16100,0.179644,0.188598,0.73297,0.62842,246.0
16200,0.179695,0.188686,0.732651,0.628752,246.0
16301,0.179592,0.188743,0.732688,0.628721,246.0
16400,0.17946,0.188585,0.73276,0.628721,246.0
16500,0.179293,0.18858,0.732945,0.628555,246.0
16600,0.17899,0.188441,0.73324,0.628339,246.0
16700,0.178891,0.188431,0.733547,0.628012,246.0
16800,0.178732,0.188362,0.733761,0.627828,246.0
16901,0.178708,0.18843,0.733922,0.627626,246.0
17000,0.17869,0.188411,0.734042,0.627496,246.0
17100,0.178413,0.188473,0.733983,0.627625,246.0
17200,0.178247,0.188518,0.73429,0.6273,246.0
17301,0.178239,0.188523,0.734285,0.627306,246.0
17400,0.178245,0.1885,0.734403,0.627174,246.0
17500,0.178249,0.188546,0.734394,0.62717,246.0
17600,0.178507,0.188636,0.734284,0.627197,246.0
17701,0.178494,0.188758,0.733916,0.627595,246.0
17800,0.178463,0.188764,0.733818,0.627717,246.0
17900,0.17856,0.188775,0.733692,0.627834,246.0
18000,0.178589,0.18901,0.7333,0.628212,246.0
18100,0.178544,0.188996,0.733292,0.628238,246.0
18200,0.178468,0.189145,0.733185,0.62834,246.0
18301,0.17849,0.189078,0.733424,0.628075,246.0
18400,0.178616,0.189066,0.733268,0.628225,246.0
18500,0.178708,0.188916,0.733321,0.628182,246.0
18600,0.178697,0.188889,0.733414,0.628085,246.0
18701,0.1787,0.189163,0.733146,0.628314,246.0
18800,0.178679,0.189146,0.73305,0.628437,246.0
18900,0.17883,0.189453,0.732804,0.628589,246.0
19000,0.179023,0.189623,0.732384,0.628972,246.0
19100,0.179168,0.189572,0.732053,0.629332,246.0
19201,0.179036,0.189544,0.732064,0.629365,246.0
19300,0.179017,0.189473,0.732087,0.629365,246.0
19400,0.179108,0.189495,0.732209,0.629191,246.0
19500,0.179274,0.189413,0.732254,0.629114,246.0
19601,0.179436,0.189136,0.732174,0.629246,246.0
19700,0.1795,0.189271,0.731979,0.629414,246.0
19800,0.179162,0.189049,0.732175,0.629348,246.0
19900,0.178932,0.189036,0.732673,0.628838,246.0
20000,0.17891,0.18912,0.732808,0.628662,246.0
20101,0.179041,0.188936,0.732798,0.628692,246.0
20200,0.179166,0.188814,0.732842,0.628641,246.0
20300,0.179177,0.188951,0.732689,0.628775,246.0
20400,0.179071,0.188781,0.732502,0.629074,246.0
20500,0.178673,0.189106,0.733423,0.628016,246.0
20600,0.177896,0.189533,0.733784,0.627686,246.0
20701,0.177342,0.189269,0.733768,0.627941,246.0
20800,0.177378,0.189477,0.734591,0.626905,246.0
20903,0.177741,0.189236,0.73459,0.626877,246.0
21000,0.178109,0.189094,0.734011,0.627493,246.0
21100,0.178303,0.189177,0.733773,0.62769,246.0
21200,0.17867,0.188996,0.733339,0.628148,246.0
21300,0.178651,0.188883,0.733101,0.628465,246.0
21401,0.17874,0.188886,0.733226,0.628293,246.0
21500,0.178957,0.188845,0.733085,0.628408,246.0
21600,0.179054,0.188626,0.732953,0.6286,246.0
21700,0.179129,0.18865,0.733062,0.628445,246.0
21800,0.178971,0.188606,0.733137,0.628414,246.0
21901,0.178318,0.189016,0.733499,0.628055,246.0
22000,0.178184,0.188167,0.733111,0.628801,246.0
22100,0.179466,0.18708,0.730386,0.631924,246.0
22200,0.18194,0.184544,0.72131,0.642302,246.0
22300,0.183725,0.183086,0.715433,0.648752,246.0
22400,0.184527,0.182414,0.712913,0.651482,246.0
22501,0.185087,0.181975,0.712094,0.652341,246.0
22600,0.185105,0.1819,0.712006,0.652452,246.0
22700,0.185154,0.182041,0.712158,0.652233,246.0
22800,0.18524,0.182005,0.711584,0.652846,246.0
22900,0.185835,0.181732,0.709681,0.654821,246.0
23001,0.186266,0.181381,0.708285,0.656305,246.0
23100,0.186631,0.181192,0.707821,0.656754,246.0
23200,0.185923,0.181498,0.709985,0.654531,246.0
23301,0.185841,0.181488,0.71061,0.653878,246.0
23400,0.185653,0.181787,0.710948,0.653481,246.0
23500,0.185685,0.181586,0.710708,0.65379,246.0
23601,0.185549,0.18194,0.711315,0.653069,246.0
23700,0.185564,0.182234,0.712147,0.652075,246.0
23800,0.185254,0.182464,0.712809,0.651375,246.0
23900,0.185491,0.182206,0.712255,0.651986,246.0
24000,0.185771,0.182037,0.711175,0.653131,246.0
24101,0.185994,0.181848,0.710522,0.65383,246.0
24200,0.186178,0.181831,0.710707,0.653582,246.0
24300,0.186041,0.181895,0.710724,0.653584,246.0
24400,0.185919,0.182039,0.710788,0.65351,246.0
24501,0.185987,0.182121,0.71086,0.653389,246.0
24600,0.185813,0.182103,0.710888,0.653414,246.0
24700,0.185795,0.182186,0.710803,0.653487,246.0
24800,0.18556,0.182305,0.710897,0.653419,246.0
24901,0.185447,0.182302,0.711043,0.653293,246.0
25000,0.185614,0.182374,0.711013,0.653258,246.0
25100,0.185775,0.182285,0.711051,0.653196,246.0
25200,0.18607,0.182028,0.710702,0.653563,246.0
25301,0.186115,0.181985,0.710591,0.653683,246.0
25400,0.186136,0.182091,0.710493,0.653755,246.0
25500,0.186023,0.182076,0.710567,0.65371,246.0
25600,0.186275,0.182016,0.710496,0.653732,246.0
25700,0.186316,0.181936,0.71048,0.65376,246.0
25801,0.186301,0.181883,0.710554,0.653698,246.0
25900,0.186234,0.181904,0.710571,0.653693,246.0
26000,0.186299,0.181977,0.710567,0.653659,246.0
26100,0.1864,0.181972,0.710562,0.653637,246.0
26201,0.186494,0.182004,0.710484,0.653686,246.0
26300,0.186786,0.18208,0.710181,0.65391,246.0
26400,0.186852,0.181692,0.710274,0.653899,246.0
26500,0.186925,0.181684,0.710174,0.653989,246.0
26600,0.186936,0.181662,0.710128,0.654042,246.0
26700,0.186963,0.181588,0.710264,0.653906,246.0
26800,0.186894,0.181778,0.710254,0.653884,246.0
26900,0.186918,0.181752,0.710331,0.653801,246.0
27000,0.186859,0.181917,0.709855,0.654289,246.0
27100,0.186924,0.182068,0.709808,0.65428,246.0
27200,0.186923,0.181856,0.709727,0.654427,246.0
27301,0.187142,0.181839,0.709769,0.654323,246.0
27400,0.187443,0.181908,0.709552,0.654453,246.0
27500,0.187663,0.181609,0.709087,0.654977,246.0
27600,0.187855,0.181827,0.708923,0.655039,246.0
27701,0.187791,0.181775,0.708862,0.655138,246.0
27800,0.187888,0.181764,0.708921,0.65505,246.0
27900,0.187863,0.181825,0.708829,0.655139,246.0
28000,0.188031,0.181782,0.708695,0.655248,246.0
28100,0.188057,0.181678,0.70851,0.655469,246.0
28201,0.187998,0.181806,0.708363,0.655609,246.0
28300,0.187977,0.181746,0.708448,0.65554,246.0
28400,0.188175,0.181822,0.708408,0.655506,246.0
28500,0.18799,0.181532,0.708485,0.655555,246.0
28601,0.188552,0.181701,0.708522,0.655307,246.0
28700,0.188319,0.181831,0.708111,0.655782,246.0
28800,0.18831,0.182,0.708133,0.655714,246.0
28900,0.188135,0.181861,0.707965,0.655984,246.0
29000,0.188167,0.182181,0.708014,0.655833,246.0
29101,0.188122,0.182066,0.707902,0.656,246.0
29200,0.188259,0.182196,0.707857,0.655972,246.0
29300,0.188366,0.181893,0.707717,0.656177,246.0
29400,0.1883,0.182102,0.707631,0.656231,246.0
29500,0.188266,0.182196,0.707691,0.656149,246.0
29600,0.188197,0.182243,0.707656,0.656194,246.0
29701,0.188157,0.181973,0.70784,0.656081,246.0
29800,0.188116,0.18188,0.708118,0.65582,246.0
29900,0.187954,0.181687,0.708213,0.655817,246.0
30000,0.187707,0.181819,0.708656,0.655372,246.0
30100,0.18762,0.181858,0.708833,0.655195,246.0
30201,0.187758,0.181984,0.708763,0.655196,246.0
30300,0.187842,0.182,0.708497,0.655455,246.0
30400,0.188124,0.181769,0.708368,0.655578,246.0
30500,0.188098,0.18175,0.708257,0.65571,246.0
30601,0.188286,0.181861,0.708082,0.655815,246.0
30701,0.187685,0.182015,0.708292,0.655718,246.0
30801,0.187179,0.182583,0.708485,0.655495,246.0
30900,0.187185,0.182454,0.708487,0.655528,246.0
31000,0.187147,0.182319,0.708675,0.655373,246.0
31100,0.187441,0.182017,0.708729,0.655315,246.0
31201,0.187452,0.182225,0.708487,0.655515,246.0
31300,0.186836,0.182368,0.708326,0.655825,246.0
31400,0.186797,0.182536,0.708956,0.655109,246.0
31500,0.186995,0.182312,0.709219,0.65483,246.0
31601,0.187182,0.182043,0.709012,0.655076,246.0
31700,0.187102,0.181987,0.708959,0.655171,246.0
31800,0.186736,0.182033,0.709686,0.654475,246.0
31900,0.186833,0.181982,0.709527,0.654634,246.0
32000,0.186785,0.181964,0.709671,0.654496,246.0
32100,0.186942,0.181962,0.709773,0.654342,246.0
32200,0.186743,0.181779,0.710024,0.654177,246.0
32300,0.186993,0.181363,0.71042,0.653791,246.0
32401,0.187513,0.181187,0.710185,0.653946,246.0
32500,0.187809,0.18123,0.709553,0.654536,246.0
32600,0.187636,0.181638,0.709358,0.654684,246.0
32700,0.187077,0.182037,0.709782,0.654272,246.0
32800,0.187004,0.182205,0.709323,0.654744,246.0
32901,0.186823,0.182156,0.709368,0.654761,246.0
33000,0.186928,0.182296,0.709437,0.654617,246.0
33100,0.18685,0.182379,0.709133,0.654946,246.0
33200,0.187306,0.182343,0.708947,0.655026,246.0
33301,0.187963,0.182042,0.708696,0.655194,246.0
33400,0.188255,0.181578,0.708332,0.655632,246.0
33500,0.188181,0.181493,0.708274,0.655739,246.0
33601,0.18797,0.181542,0.708748,0.655274,246.0
33703,0.187886,0.181664,0.708758,0.655254,246.0
33800,0.187993,0.181661,0.709001,0.654961,246.0
33902,0.188076,0.181584,0.708857,0.655115,246.0
34001,0.188055,0.18134,0.708921,0.655119,246.0
34101,0.188118,0.18145,0.708942,0.655047,246.0
34200,0.188201,0.181459,0.70889,0.655077,246.0
34300,0.188434,0.18164,0.70849,0.655393,246.0
34401,0.188515,0.181386,0.708455,0.655478,246.0
34500,0.188575,0.181149,0.708448,0.655534,246.0
34600,0.188357,0.181094,0.708702,0.655337,246.0
34700,0.188151,0.181293,0.708831,0.655201,246.0
34800,0.18812,0.181429,0.708839,0.655164,246.0
34901,0.187991,0.1811,0.709098,0.655012,246.0
35000,0.187917,0.181209,0.709378,0.654699,246.0
35100,0.188074,0.18124,0.709284,0.654747,246.0
35200,0.188277,0.181335,0.709082,0.654882,246.0
35302,0.188381,0.181412,0.708691,0.655254,246.0
35401,0.188411,0.18149,0.708581,0.655343,246.0
35500,0.188471,0.18146,0.708307,0.655629,246.0
35600,0.188423,0.181464,0.708383,0.65556,246.0
35700,0.188477,0.181423,0.708352,0.655589,246.0
35801,0.188255,0.181388,0.708293,0.655726,246.0
35902,0.187924,0.181443,0.7087,0.655367,246.0
36002,0.187677,0.181574,0.709034,0.65504,246.0
36100,0.187652,0.181702,0.709257,0.65477,246.0
36200,0.187552,0.181541,0.70925,0.654851,246.0
36301,0.187682,0.181398,0.709418,0.654671,246.0
36400,0.187475,0.181294,0.709443,0.654733,246.0
36500,0.187256,0.181313,0.710025,0.654159,246.0
36601,0.187153,0.181369,0.710171,0.654014,246.0
36701,0.187213,0.181443,0.710058,0.654099,246.0
36800,0.187114,0.181555,0.709996,0.654164,246.0
36900,0.187237,0.181572,0.709977,0.654145,246.0
37000,0.18708,0.181277,0.709993,0.654253,246.0
37101,0.186879,0.181457,0.710247,0.653986,246.0
37200,0.187006,0.181554,0.710355,0.653805,246.0
37300,0.187043,0.181393,0.710456,0.653729,246.0
37400,0.187325,0.18108,0.710258,0.65395,246.0
37500,0.187162,0.180977,0.710501,0.653761,246.0
37601,0.187091,0.181121,0.710544,0.653695,246.0
37701,0.187077,0.181157,0.710752,0.653463,246.0
37800,0.187074,0.181011,0.710877,0.653369,246.0
38187,0.186734,0.181195,0.711272,0.652985,246.0
38187,0.186734,0.181195,0.711272,0.652985,246.0
38187,0.186734,0.181195,0.711272,0.652985,246.0
38201,0.186767,0.18121,0.711254,0.652991,246.0
38301,0.186975,0.181187,0.710882,0.653343,246.0
38404,0.186931,0.18109,0.710903,0.653359,246.0
38501,0.186967,0.181084,0.710995,0.65325,246.0
38600,0.186905,0.181171,0.710822,0.653432,246.0
38701,0.186746,0.18151,0.710801,0.653406,246.0
38800,0.186384,0.182669,0.711813,0.652084,246.0
38900,0.185241,0.18277,0.714551,0.649381,246.0
39000,0.184943,0.183384,0.716455,0.647192,246.0
39100,0.184036,0.184483,0.72005,0.643135,246.0
39202,0.181416,0.187075,0.729037,0.632925,246.0
39300,0.180072,0.188302,0.733018,0.628331,246.0
39400,0.179176,0.188978,0.735274,0.625743,246.0
39501,0.177914,0.189221,0.738911,0.621731,246.0
39600,0.17835,0.189148,0.738763,0.621806,246.0
39702,0.178203,0.188874,0.736541,0.62456,246.0
39800,0.176738,0.189925,0.73658,0.624612,246.0
39900,0.175758,0.190553,0.737628,0.62346,246.0
40001,0.174296,0.191293,0.739962,0.620872,246.0
40100,0.173052,0.192171,0.746737,0.612785,246.0
40200,0.171302,0.192685,0.762112,0.593895,246.0
40302,0.170988,0.192453,0.775073,0.577048,246.0
40401,0.17025,0.192871,0.777699,0.573584,246.0
40500,0.16929,0.194151,0.773748,0.578756,246.0
40600,0.167361,0.196785,0.770967,0.582129,246.0
40700,0.164666,0.19901,0.769991,0.583431,246.0
40803,0.162846,0.201077,0.770706,0.582288,246.0
40903,0.162407,0.201278,0.76999,0.583288,246.0
41000,0.162535,0.201477,0.769326,0.584059,246.0
41100,0.162687,0.201287,0.768765,0.584821,246.0
41200,0.162569,0.20136,0.769215,0.584236,246.0
41300,0.162097,0.20178,0.769222,0.584213,246.0
41401,0.162466,0.201562,0.76809,0.585673,246.0
41500,0.162863,0.201124,0.767531,0.586447,246.0
41602,0.163156,0.2008,0.766884,0.587321,246.0
41700,0.163072,0.200731,0.76689,0.587361,246.0
41801,0.163267,0.200618,0.766575,0.587757,246.0
41903,0.163326,0.200303,0.767175,0.587064,246.0
42000,0.163185,0.200618,0.767665,0.586354,246.0
42100,0.163083,0.200563,0.767993,0.585972,246.0
42207,0.163324,0.200478,0.768861,0.584795,246.0
42301,0.163846,0.199981,0.768957,0.584692,246.0
42400,0.163778,0.199629,0.769518,0.584094,246.0
42500,0.164475,0.199145,0.768969,0.584785,246.0
42600,0.165294,0.198544,0.767167,0.587121,246.0
42701,0.16566,0.198183,0.766109,0.588519,246.0
42800,0.165939,0.197837,0.765628,0.589184,246.0
42900,0.166068,0.197643,0.765319,0.589614,246.0
43000,0.166115,0.197541,0.765372,0.589566,246.0
43100,0.166003,0.197518,0.765312,0.589682,246.0
43201,0.166106,0.197585,0.765245,0.589719,246.0
43300,0.16607,0.197515,0.765308,0.58967,246.0
43400,0.166211,0.197595,0.765144,0.589816,246.0
43500,0.166456,0.19731,0.765224,0.589739,246.0
43601,0.167553,0.196366,0.764962,0.590084,246.0
43700,0.169217,0.19532,0.764399,0.590685,246.0
43801,0.171677,0.192771,0.764158,0.591124,246.0
43902,0.173755,0.190637,0.763752,0.591733,246.0
44000,0.177145,0.187631,0.762977,0.592688,246.0
44100,0.182567,0.182229,0.758926,0.597906,246.0
44200,0.184393,0.18091,0.757234,0.599889,246.0
44300,0.184132,0.181199,0.757391,0.599683,246.0
44401,0.185224,0.180288,0.75672,0.600468,246.0
44500,0.186866,0.178777,0.757149,0.599869,246.0
44600,0.188665,0.176814,0.754655,0.603023,246.0
44700,0.18902,0.176811,0.752419,0.605701,246.0
44801,0.188079,0.177781,0.75163,0.606688,246.0
44900,0.186957,0.179168,0.751621,0.606638,246.0
45000,0.185791,0.180695,0.750682,0.607705,246.0
45100,0.183927,0.182323,0.750777,0.607669,246.0
45201,0.181816,0.184394,0.751877,0.606317,246.0
45300,0.180267,0.1858,0.752871,0.605117,246.0
45400,0.179418,0.186897,0.753441,0.604321,246.0
45501,0.179064,0.187921,0.753643,0.603856,246.0
45600,0.17834,0.188529,0.754098,0.603313,246.0
45700,0.178278,0.188794,0.754841,0.602319,246.0
45800,0.178269,0.188952,0.755129,0.60191,246.0
45900,0.1788,0.188862,0.753761,0.603494,246.0
46000,0.178975,0.188773,0.752705,0.604787,246.0
46100,0.177986,0.189774,0.754117,0.603003,246.0
46200,0.17752,0.190416,0.754299,0.602711,246.0
46300,0.17791,0.189967,0.75335,0.603922,246.0
46400,0.178738,0.188843,0.753306,0.604086,246.0
46500,0.178652,0.189017,0.753055,0.604369,246.0
46600,0.178411,0.189216,0.753045,0.60439,246.0
46700,0.178168,0.189441,0.754403,0.602696,246.0
46801,0.178768,0.188848,0.753505,0.603827,246.0
46900,0.179192,0.188396,0.753466,0.603891,246.0
47000,0.178953,0.188637,0.752637,0.60492,246.0
47100,0.179055,0.188662,0.752195,0.605432,246.0
47201,0.179216,0.188394,0.751671,0.606117,246.0
47301,0.179648,0.188143,0.75135,0.606465,246.0
47400,0.179263,0.188125,0.751572,0.606309,246.0
47500,0.179195,0.188304,0.752926,0.604592,246.0
47601,0.179761,0.187388,0.753736,0.603698,246.0
47700,0.179998,0.187131,0.753099,0.604502,246.0
47800,0.179302,0.187363,0.753638,0.603965,246.0
47901,0.17865,0.18774,0.754564,0.602885,246.0
48001,0.180069,0.186604,0.753485,0.604163,246.0
48100,0.180579,0.186138,0.75234,0.605579,246.0
48201,0.180709,0.185997,0.752048,0.605947,246.0
48300,0.181072,0.185869,0.750628,0.607636,246.0
48400,0.180934,0.186376,0.752307,0.605441,246.0
48501,0.181829,0.184315,0.753306,0.604561,246.0
48601,0.182957,0.18339,0.753076,0.604789,246.0
48700,0.182768,0.18226,0.753836,0.60424,246.0
48800,0.184258,0.181827,0.7533,0.604587,246.0
48900,0.182484,0.183569,0.752037,0.606169,246.0
49001,0.179664,0.186433,0.752708,0.605303,246.0
49101,0.177488,0.188989,0.753382,0.604313,246.0
49202,0.175244,0.191573,0.753065,0.60455,246.0
49300,0.172561,0.194634,0.753853,0.603361,246.0
49401,0.171622,0.195521,0.755682,0.60105,246.0
49500,0.172809,0.194979,0.753164,0.604038,246.0
49600,0.173503,0.194311,0.75235,0.605068,246.0
49700,0.173823,0.193809,0.752693,0.604711,246.0
49801,0.173672,0.193734,0.752821,0.604618,246.0
49900,0.1744,0.192493,0.751793,0.606082,246.0
50002,0.175604,0.191333,0.751822,0.606067,246.0
50100,0.177474,0.189444,0.753517,0.604007,246.0
50205,0.179977,0.186919,0.754875,0.602355,246.0
50300,0.181625,0.184967,0.754952,0.602367,246.0
50400,0.183301,0.183435,0.755899,0.601139,246.0
50500,0.184851,0.182048,0.75638,0.60048,246.0
50601,0.186106,0.180715,0.757151,0.599523,246.0
50701,0.186103,0.18077,0.756848,0.599889,246.0
50800,0.185573,0.181112,0.755327,0.601864,246.0
50901,0.18512,0.181401,0.753962,0.603625,246.0
51000,0.184294,0.181773,0.753518,0.60432,246.0
51100,0.183715,0.18239,0.753241,0.604657,246.0
51201,0.183372,0.182778,0.752284,0.605834,246.0
51300,0.183089,0.183164,0.75128,0.607047,246.0
51400,0.182631,0.183686,0.751098,0.607252,246.0
51501,0.181439,0.184631,0.752555,0.605517,246.0
51600,0.181482,0.185008,0.752205,0.605824,246.0
51703,0.181555,0.185155,0.75226,0.605689,246.0
51801,0.182098,0.184943,0.751813,0.606144,246.0
51901,0.182019,0.18503,0.751905,0.606029,246.0
52001,0.181666,0.184941,0.752027,0.60601,246.0
52101,0.181787,0.184768,0.752062,0.605982,246.0
52200,0.182134,0.184812,0.752239,0.605646,246.0
52300,0.182261,0.184434,0.752173,0.605804,246.0
52400,0.18308,0.183984,0.751571,0.60644,246.0
52503,0.183546,0.183659,0.751205,0.606852,246.0
52600,0.183232,0.18408,0.751233,0.606784,246.0
52701,0.183057,0.184292,0.751112,0.606923,246.0
52801,0.183345,0.184288,0.750918,0.607078,246.0
52900,0.183088,0.184259,0.751172,0.606849,246.0
53001,0.183068,0.184303,0.751303,0.606681,246.0
53100,0.182813,0.184684,0.75084,0.607214,246.0
53200,0.182288,0.185164,0.75111,0.606892,246.0
53300,0.182374,0.185119,0.751204,0.606763,246.0
53401,0.182514,0.185061,0.750977,0.60702,246.0
53502,0.182558,0.185019,0.750966,0.607033,246.0
53600,0.182607,0.184903,0.750896,0.60714,246.0
53700,0.182841,0.184838,0.750898,0.607088,246.0
53800,0.182846,0.184688,0.750904,0.607123,246.0
53901,0.182704,0.18481,0.750817,0.607237,246.0
54000,0.182563,0.185021,0.750926,0.60708,246.0
54100,0.182561,0.184891,0.751019,0.607005,246.0
54200,0.182698,0.184961,0.750904,0.607085,246.0
54300,0.182419,0.185181,0.750743,0.607302,246.0
54400,0.182062,0.185381,0.750995,0.607036,246.0
54501,0.181954,0.185564,0.75086,0.607179,246.0
54600,0.182061,0.185511,0.750877,0.607142,246.0
54700,0.182101,0.185409,0.751025,0.606978,246.0
54800,0.182428,0.185195,0.750797,0.607227,246.0
54901,0.18235,0.185242,0.750724,0.607327,246.0
55000,0.182175,0.185159,0.751038,0.607016,246.0
55101,0.182104,0.185144,0.751181,0.606865,246.0
55200,0.182194,0.185214,0.751201,0.606793,246.0
55300,0.182097,0.185357,0.751054,0.606959,246.0
55401,0.182158,0.185097,0.751076,0.606992,246.0
55501,0.181958,0.18525,0.751304,0.606725,246.0
55601,0.182122,0.185067,0.751549,0.606427,246.0
55701,0.182191,0.184911,0.751895,0.606026,246.0
55801,0.183002,0.184405,0.751541,0.606374,246.0
55900,0.183292,0.184169,0.751115,0.606886,246.0
56000,0.183069,0.184314,0.750964,0.607096,246.0
56100,0.182919,0.184481,0.75128,0.6067,246.0
56201,0.182187,0.184944,0.751057,0.607054,246.0
56300,0.181335,0.18584,0.751016,0.607087,246.0
56400,0.180883,0.186106,0.751088,0.607051,246.0
56501,0.181362,0.185632,0.75136,0.606716,246.0
56600,0.181786,0.185493,0.751351,0.606643,246.0
56700,0.181832,0.185358,0.751221,0.606831,246.0
56800,0.181811,0.185192,0.751673,0.606329,246.0
56901,0.181986,0.184969,0.751481,0.606583,246.0
57000,0.182254,0.184814,0.751134,0.606978,246.0
57102,0.181653,0.185311,0.751594,0.606437,246.0
57201,0.181237,0.185593,0.751879,0.606123,246.0
57300,0.181256,0.185843,0.751826,0.606106,246.0
57400,0.181337,0.185897,0.751442,0.606541,246.0
57501,0.181133,0.186278,0.750852,0.607216,246.0
57600,0.180913,0.186573,0.7507,0.607379,246.0
57700,0.181108,0.186565,0.75092,0.607052,246.0
57801,0.18097,0.186388,0.750966,0.607089,246.0
57900,0.180801,0.186562,0.750773,0.607325,246.0
58001,0.18017,0.186858,0.750982,0.607163,246.0
58100,0.179989,0.187141,0.751327,0.606703,246.0
58201,0.180231,0.186797,0.751541,0.606471,246.0
58300,0.180845,0.186536,0.751297,0.606672,246.0
58402,0.181059,0.185897,0.75136,0.606725,246.0
58501,0.18131,0.18588,0.7513,0.60673,246.0
58600,0.181798,0.185446,0.751055,0.607021,246.0
58700,0.181573,0.185552,0.751386,0.606646,246.0
58800,0.180791,0.186107,0.752292,0.605586,246.0
58901,0.180566,0.186137,0.751899,0.606131,246.0
59000,0.181048,0.186328,0.751433,0.606507,246.0
59100,0.181672,0.185941,0.75395,0.603307,246.0
59200,0.180775,0.186633,0.754357,0.602853,246.0
59304,0.179331,0.187776,0.754387,0.602892,246.0
59400,0.17879,0.187896,0.755735,0.601326,246.0
59500,0.177212,0.189402,0.756855,0.59991,246.0
59600,0.176884,0.18977,0.755409,0.60171,246.0
59701,0.177113,0.190068,0.754306,0.602932,246.0
59800,0.177753,0.189005,0.755175,0.601988,246.0
59902,0.176987,0.189946,0.753397,0.604142,246.0
60001,0.175073,0.191785,0.757313,0.599202,246.0
60100,0.177141,0.189914,0.75502,0.602078,246.0
60200,0.176288,0.191247,0.754468,0.602598,246.0
60300,0.174796,0.191257,0.756778,0.600127,246.0
60401,0.174364,0.190389,0.756835,0.600457,246.0
60500,0.176218,0.190532,0.757173,0.599443,246.0
60600,0.17926,0.189097,0.754383,0.602505,246.0
60701,0.179828,0.188294,0.752328,0.605151,246.0
60800,0.179703,0.187649,0.752966,0.604595,246.0
60900,0.178948,0.187557,0.753488,0.604197,246.0
61000,0.179932,0.186595,0.752956,0.604865,246.0
61100,0.182434,0.184833,0.752457,0.605278,246.0
61202,0.185517,0.182337,0.752171,0.605453,246.0
61300,0.186396,0.18187,0.750714,0.60713,246.0
61400,0.183437,0.185612,0.747508,0.610843,246.0
61501,0.192145,0.17565,0.746019,0.612929,246.0
61601,0.192547,0.172977,0.752216,0.605948,246.0
61701,0.191528,0.172878,0.757453,0.599745,246.0
61801,0.193055,0.173095,0.755348,0.601843,246.0
61900,0.194665,0.1754,0.754033,0.602306,246.0
62000,0.191946,0.174971,0.759072,0.596951,246.0
62101,0.190109,0.174026,0.759114,0.597761,246.0
62200,0.190466,0.176967,0.755224,0.601698,246.0
62301,0.192132,0.179162,0.750272,0.606693,246.0
62400,0.189953,0.179955,0.74546,0.613043,246.0
62501,0.185383,0.182079,0.74344,0.61626,246.0
62600,0.182507,0.18376,0.746996,0.612307,246.0
62701,0.18263,0.182699,0.747527,0.611939,246.0
62800,0.181952,0.184465,0.74667,0.612656,246.0
62900,0.18004,0.187186,0.747337,0.611583,246.0
63001,0.178513,0.187909,0.748785,0.610035,246.0
63100,0.177226,0.188609,0.751207,0.60721,246.0
63200,0.176758,0.189347,0.752704,0.60526,246.0
63300,0.177138,0.189249,0.752554,0.605365,246.0
63400,0.178736,0.187793,0.752119,0.60589,246.0
63501,0.181445,0.185066,0.752261,0.605748,246.0
63600,0.182715,0.183998,0.753168,0.604563,246.0
63701,0.183629,0.183344,0.753547,0.604013,246.0
63803,0.184253,0.182597,0.753764,0.603778,246.0
63900,0.185208,0.181527,0.753936,0.603593,246.0
64000,0.186048,0.181248,0.753519,0.60394,246.0
64101,0.186103,0.180789,0.753993,0.603468,246.0
64202,0.186146,0.180861,0.754408,0.602914,246.0
64300,0.185791,0.181414,0.75482,0.602342,246.0
64400,0.185273,0.181899,0.754812,0.602365,246.0
64501,0.184899,0.18243,0.755121,0.601933,246.0
64600,0.184458,0.182993,0.75553,0.601382,246.0
64700,0.183853,0.183471,0.755994,0.600839,246.0
64800,0.183553,0.18397,0.756274,0.600426,246.0
64901,0.183566,0.183725,0.755573,0.601378,246.0
65000,0.183609,0.183789,0.754879,0.602217,246.0
65100,0.183696,0.183726,0.754552,0.60262,246.0
65201,0.18364,0.183709,0.754523,0.602678,246.0
65302,0.183707,0.183481,0.754663,0.602551,246.0
65400,0.183898,0.183414,0.75455,0.602655,246.0
65500,0.184055,0.183327,0.754507,0.602688,246.0
65601,0.184315,0.183334,0.754285,0.602883,246.0
65700,0.184184,0.183282,0.75411,0.603159,246.0
65801,0.184087,0.183309,0.75413,0.603156,246.0
65900,0.183833,0.183661,0.754279,0.602938,246.0
66000,0.184072,0.183564,0.754194,0.603002,246.0
66100,0.184151,0.183559,0.753992,0.603232,246.0
66201,0.184283,0.183662,0.753705,0.603519,246.0
66300,0.183963,0.183905,0.753756,0.603478,246.0
66400,0.183689,0.184077,0.753956,0.60326,246.0
66500,0.183745,0.183997,0.754018,0.60319,246.0
66600,0.183876,0.183992,0.753922,0.603272,246.0
66702,0.184109,0.183885,0.753613,0.603619,246.0
66801,0.184078,0.183797,0.753808,0.603412,246.0
66902,0.18441,0.183146,0.75416,0.603068,246.0
67000,0.184875,0.182472,0.75434,0.602905,246.0
67101,0.185123,0.182061,0.754405,0.602872,246.0
67200,0.185413,0.181766,0.754628,0.602593,246.0
67300,0.185539,0.181438,0.754636,0.602643,246.0
67401,0.185402,0.181314,0.754975,0.602298,246.0
67500,0.185417,0.181096,0.755199,0.602077,246.0
67600,0.185439,0.181092,0.75535,0.601883,246.0
67700,0.185261,0.180835,0.75564,0.601651,246.0
67803,0.185426,0.180727,0.75584,0.601381,246.0
67901,0.185511,0.180681,0.755751,0.601481,246.0
68000,0.185637,0.180616,0.755758,0.601453,246.0
68100,0.185756,0.180683,0.755735,0.601425,246.0
68201,0.185864,0.180645,0.755613,0.601556,246.0
68300,0.18608,0.180644,0.75531,0.601869,246.0
68400,0.186146,0.180918,0.754992,0.602166,246.0
68500,0.185909,0.18075,0.755081,0.602177,246.0
68602,0.185768,0.180627,0.755419,0.601834,246.0
68703,0.185814,0.180791,0.755278,0.601947,246.0
68800,0.186013,0.180871,0.755107,0.602076,246.0
68902,0.186027,0.181027,0.754898,0.602288,246.0
69000,0.185887,0.180746,0.754882,0.602436,246.0
69101,0.186034,0.18083,0.755196,0.601971,246.0
69200,0.186305,0.180917,0.754728,0.602448,246.0
69300,0.186436,0.180738,0.754655,0.602552,246.0
69401,0.186439,0.180598,0.754688,0.602552,246.0
69500,0.186459,0.180562,0.754777,0.602445,246.0
69600,0.18652,0.180448,0.754768,0.602472,246.0
69701,0.186509,0.18036,0.7549,0.602337,246.0
69800,0.186449,0.180297,0.754991,0.60226,246.0
69901,0.186452,0.18036,0.754915,0.602335,246.0
70000,0.186761,0.180659,0.754662,0.602466,246.0
70101,0.186791,0.180581,0.75442,0.602784,246.0
70200,0.186832,0.180745,0.754131,0.603084,246.0
70301,0.18655,0.180724,0.754332,0.602926,246.0
70400,0.186711,0.180825,0.754439,0.602712,246.0
70502,0.186908,0.180572,0.75418,0.60305,246.0
70600,0.186968,0.180496,0.754174,0.603063,246.0
70700,0.186833,0.180448,0.754389,0.60285,246.0
70801,0.186624,0.180647,0.754491,0.602727,246.0
70900,0.186538,0.18035,0.754585,0.602724,246.0
71000,0.186609,0.18044,0.754783,0.602428,246.0
71101,0.186633,0.180205,0.754767,0.602511,246.0
71200,0.186525,0.18003,0.755149,0.602117,246.0
71300,0.186382,0.18008,0.755303,0.601954,246.0
71400,0.186411,0.180054,0.755538,0.601658,246.0
71501,0.186377,0.179988,0.755468,0.601776,246.0
71600,0.186464,0.180048,0.755494,0.601699,246.0
71700,0.186444,0.180094,0.755383,0.60183,246.0
71800,0.186636,0.179963,0.755307,0.601906,246.0
71901,0.18663,0.180158,0.755169,0.602022,246.0
72002,0.186772,0.18018,0.75505,0.60212,246.0
72100,0.186849,0.180206,0.754896,0.602282,246.0
72200,0.1869,0.180128,0.754768,0.60245,246.0
72301,0.186769,0.180224,0.754738,0.602499,246.0
72400,0.186644,0.180322,0.754815,0.602413,246.0
72500,0.186704,0.180053,0.754958,0.602295,246.0
72601,0.186672,0.179962,0.754995,0.602286,246.0
72701,0.186703,0.179784,0.755275,0.601979,246.0
72801,0.18661,0.179649,0.755457,0.601818,246.0
72901,0.186446,0.179705,0.7557,0.601548,246.0
73000,0.186364,0.17963,0.755801,0.601468,246.0
73100,0.186205,0.179586,0.755962,0.601329,246.0
73201,0.185964,0.179723,0.756283,0.600959,246.0
73300,0.185959,0.179747,0.756336,0.600887,246.0
73400,0.185958,0.179779,0.7562,0.601048,246.0
73500,0.185973,0.179682,0.756342,0.600894,246.0
73601,0.18604,0.179681,0.756453,0.600734,246.0
73700,0.186156,0.179552,0.756301,0.600928,246.0
73800,0.185853,0.179442,0.756729,0.600515,246.0
73901,0.185853,0.179632,0.756706,0.600487,246.0
74000,0.185748,0.179503,0.756767,0.600483,246.0
74101,0.185464,0.179488,0.756995,0.600287,246.0
74201,0.185309,0.179518,0.75729,0.599954,246.0
74300,0.185331,0.179525,0.757317,0.59991,246.0
74401,0.185363,0.17948,0.757337,0.599889,246.0
74500,0.185372,0.179442,0.757418,0.599795,246.0
74601,0.185628,0.179392,0.757424,0.599724,246.0
74700,0.18588,0.179415,0.757205,0.599915,246.0
74801,0.186105,0.179532,0.756756,0.600376,246.0
74900,0.186215,0.179577,0.75646,0.600702,246.0
75001,0.186266,0.179696,0.756227,0.600944,246.0
75100,0.18628,0.179832,0.756046,0.601127,246.0
75200,0.186476,0.180107,0.755655,0.601475,246.0
75301,0.186632,0.18016,0.755211,0.601968,246.0
75400,0.186842,0.180158,0.755141,0.601991,246.0
75500,0.18707,0.180302,0.754763,0.602351,246.0
75601,0.187119,0.180228,0.754433,0.602772,246.0
75701,0.187392,0.180235,0.754332,0.602811,246.0
75800,0.187481,0.180247,0.754136,0.603025,246.0
75900,0.187562,0.180422,0.75379,0.60338,246.0
76000,0.187801,0.18043,0.753556,0.603595,246.0
76101,0.187919,0.180321,0.75347,0.603699,246.0
76200,0.187905,0.180335,0.753515,0.603643,246.0
76300,0.187912,0.180481,0.753468,0.603656,246.0
76403,0.188131,0.180464,0.753093,0.60406,246.0
76500,0.188246,0.180462,0.752791,0.604401,246.0
76600,0.188154,0.18049,0.752742,0.604482,246.0
76701,0.18818,0.180405,0.752707,0.604544,246.0
76801,0.188374,0.180414,0.752763,0.604411,246.0
76900,0.188514,0.17999,0.752694,0.60458,246.0
77000,0.188479,0.180032,0.752932,0.604281,246.0
77100,0.188497,0.180017,0.753041,0.604144,246.0
77201,0.188391,0.17994,0.753099,0.604128,246.0
77300,0.188353,0.179915,0.753148,0.604087,246.0
77400,0.188311,0.179861,0.753287,0.603943,246.0
77500,0.188322,0.179774,0.753422,0.603796,246.0
77600,0.188144,0.179727,0.753512,0.603753,246.0
77705,0.187907,0.179815,0.753788,0.603456,246.0
77800,0.187718,0.179945,0.753906,0.603329,246.0
77901,0.187699,0.179908,0.754091,0.603114,246.0
78000,0.187689,0.180047,0.754077,0.603094,246.0
78100,0.18762,0.179845,0.754197,0.603025,246.0
78200,0.187619,0.179787,0.754231,0.603001,246.0
78301,0.18751,0.179756,0.754454,0.602765,246.0
78400,0.187534,0.179846,0.754404,0.602792,246.0
78500,0.187326,0.179694,0.754567,0.602698,246.0
78600,0.187222,0.179743,0.754726,0.602517,246.0
78701,0.187391,0.179982,0.754668,0.602466,246.0
78800,0.18739,0.180073,0.754397,0.602778,246.0
78900,0.187283,0.180169,0.754307,0.602895,246.0
79000,0.187389,0.180263,0.754093,0.603103,246.0
79101,0.187402,0.180309,0.754093,0.603085,246.0
79200,0.187757,0.180247,0.753849,0.603298,246.0
79300,0.187842,0.180209,0.753712,0.603454,246.0
79400,0.18783,0.180139,0.753712,0.603478,246.0
79501,0.187821,0.180119,0.753738,0.603455,246.0
79600,0.18789,0.179901,0.753703,0.603542,246.0
79700,0.187908,0.180145,0.753694,0.603475,246.0
79801,0.187792,0.180103,0.75392,0.603241,246.0
79900,0.187647,0.180029,0.75396,0.603258,246.0
80001,0.187455,0.17978,0.754003,0.603338,246.0
80100,0.187308,0.179891,0.754178,0.603133,246.0
80201,0.187211,0.179923,0.754491,0.602762,246.0
80300,0.187164,0.18004,0.754471,0.602766,246.0
80400,0.18708,0.180085,0.754605,0.602611,246.0
80501,0.186819,0.180103,0.754677,0.602596,246.0
80600,0.186701,0.180629,0.754693,0.602455,246.0
80700,0.186354,0.180987,0.754541,0.602646,246.0
80801,0.186231,0.1812,0.754395,0.602803,246.0
80901,0.186352,0.181381,0.754268,0.60287,246.0
81000,0.186428,0.181427,0.75378,0.603442,246.0
81100,0.186296,0.181339,0.753913,0.603344,246.0
81201,0.186171,0.181242,0.754164,0.603098,246.0
81301,0.186125,0.181352,0.754171,0.60307,246.0
81400,0.186227,0.181089,0.754323,0.602928,246.0
81501,0.186311,0.180978,0.75447,0.602751,246.0
81600,0.186498,0.180962,0.754425,0.602755,246.0
81700,0.186539,0.180889,0.754437,0.602749,246.0
81806,0.186616,0.180659,0.754504,0.602709,246.0
81900,0.186545,0.180666,0.754631,0.60257,246.0
82001,0.186602,0.18053,0.754715,0.602488,246.0
82100,0.186831,0.180637,0.754519,0.60263,246.0
82202,0.186798,0.180716,0.754267,0.602932,246.0
82301,0.186624,0.180431,0.754602,0.602653,246.0
82400,0.186603,0.180424,0.754566,0.602706,246.0
82500,0.186426,0.18039,0.754866,0.602396,246.0
82600,0.18652,0.180296,0.754957,0.60228,246.0
82701,0.186421,0.180364,0.754863,0.602408,246.0
82800,0.186411,0.180329,0.755053,0.602184,246.0
82901,0.186456,0.180424,0.75505,0.602146,246.0
83000,0.186421,0.18044,0.754988,0.602229,246.0
83100,0.186361,0.180357,0.75506,0.602182,246.0
83201,0.186022,0.180401,0.754995,0.602355,246.0
83300,0.185762,0.180821,0.755328,0.601892,246.0
83400,0.185788,0.180774,0.755326,0.6019,246.0
83500,0.185829,0.180864,0.755191,0.60203,246.0
83601,0.185834,0.180761,0.755279,0.601949,246.0
83700,0.18604,0.180625,0.755343,0.601846,246.0
83800,0.186256,0.18073,0.754959,0.60223,246.0
83900,0.186233,0.180516,0.75497,0.602287,246.0
84003,0.186374,0.180692,0.754781,0.602428,246.0
84100,0.186409,0.180679,0.754717,0.602501,246.0
84201,0.186484,0.180655,0.754597,0.602635,246.0
84300,0.186599,0.180897,0.754499,0.602649,246.0
84400,0.186755,0.180732,0.754392,0.602785,246.0
84500,0.186806,0.18063,0.754224,0.60301,246.0
84600,0.186722,0.180646,0.754291,0.602947,246.0
84701,0.186688,0.180715,0.754268,0.602966,246.0
84800,0.186731,0.180705,0.754233,0.602999,246.0
84900,0.186831,0.180599,0.754217,0.60302,246.0
85001,0.186754,0.180521,0.754369,0.602877,246.0
85100,0.186891,0.180361,0.754358,0.602896,246.0
85200,0.186892,0.180479,0.754187,0.603075,246.0
85300,0.186872,0.180647,0.754215,0.602996,246.0
85400,0.187037,0.180709,0.754015,0.603176,246.0
85501,0.18704,0.180664,0.753987,0.603223,246.0
85600,0.187145,0.180402,0.754282,0.602901,246.0
85700,0.187029,0.180357,0.754183,0.603074,246.0
85801,0.186855,0.180523,0.75423,0.60302,246.0
85900,0.18674,0.180557,0.754526,0.602674,246.0
86001,0.186839,0.180395,0.754724,0.602444,246.0
86100,0.186832,0.180289,0.754517,0.602737,246.0
86200,0.186814,0.180213,0.75478,0.602436,246.0
86300,0.186753,0.180154,0.754895,0.602328,246.0
86401,0.186985,0.180051,0.754733,0.60249,246.0
86500,0.187116,0.180028,0.754609,0.602612,246.0
86600,0.187248,0.180012,0.754521,0.602685,246.0
86700,0.187205,0.180086,0.754483,0.602725,246.0
86800,0.187143,0.180106,0.75448,0.602742,246.0
86901,0.18685,0.180269,0.754492,0.602769,246.0
87000,0.186569,0.180273,0.754675,0.602626,246.0
87100,0.1863,0.180158,0.754991,0.602348,246.0
87201,0.186275,0.180117,0.755368,0.601894,246.0
87300,0.186373,0.179885,0.75543,0.601856,246.0
87400,0.186384,0.179868,0.755647,0.601585,246.0
87501,0.186299,0.179864,0.755692,0.601555,246.0
87600,0.186417,0.179996,0.755548,0.601661,246.0
87701,0.186436,0.179911,0.755546,0.601683,246.0
87801,0.186465,0.17991,0.755624,0.601576,246.0
87900,0.18628,0.180048,0.755481,0.601772,246.0
88001,0.185972,0.179947,0.755596,0.601752,246.0
88100,0.185958,0.180115,0.755798,0.601453,246.0
88200,0.18589,0.180149,0.756014,0.601193,246.0
88301,0.185861,0.180142,0.756028,0.601187,246.0
88402,0.186014,0.179997,0.756054,0.601149,246.0
88501,0.186149,0.180132,0.755796,0.601391,246.0
88600,0.186165,0.179962,0.755821,0.601406,246.0
88700,0.186005,0.180147,0.755766,0.60147,246.0
88801,0.18613,0.179922,0.755825,0.601423,246.0
88900,0.186236,0.180075,0.755649,0.601567,246.0
89000,0.186216,0.180002,0.755558,0.601708,246.0
89100,0.186316,0.180021,0.755611,0.601606,246.0
89201,0.18641,0.179996,0.755552,0.601658,246.0
89300,0.186449,0.179773,0.75562,0.601628,246.0
89401,0.186424,0.179865,0.755623,0.601604,246.0
89500,0.18623,0.180074,0.756267,0.600792,246.0
89600,0.186398,0.180218,0.75582,0.601258,246.0
89700,0.187633,0.179668,0.754539,0.602647,246.0
89801,0.187261,0.180198,0.753885,0.603422,246.0
89901,0.18569,0.181376,0.752502,0.605277,246.0
90001,0.183591,0.18367,0.752339,0.605429,246.0
90101,0.180446,0.186776,0.752461,0.605273,246.0
90200,0.176362,0.191582,0.755617,0.601028,246.0
90300,0.175162,0.191491,0.758727,0.597479,246.0
90401,0.173219,0.19162,0.757325,0.599778,246.0
90500,0.173938,0.19165,0.763189,0.592079,246.0
90600,0.170632,0.193902,0.764229,0.590965,246.0
90700,0.16878,0.194803,0.766908,0.587721,246.0
90801,0.167959,0.195829,0.772147,0.580714,246.0
90901,0.168655,0.19653,0.774659,0.576917,246.0
91000,0.170325,0.197004,0.774808,0.576063,246.0
91102,0.173232,0.194427,0.775805,0.57473,246.0
91201,0.175163,0.19163,0.777063,0.573382,246.0
91301,0.177293,0.188771,0.778797,0.571319,246.0
91403,0.180513,0.18452,0.780479,0.569402,246.0
91501,0.182359,0.180574,0.782039,0.567936,246.0
91600,0.182832,0.178801,0.784826,0.564491,246.0
91700,0.182877,0.178755,0.786953,0.561522,246.0
91801,0.182187,0.179395,0.788302,0.559645,246.0
91900,0.181662,0.17986,0.789016,0.55866,246.0
92000,0.181152,0.180451,0.78962,0.557781,246.0
92101,0.180533,0.181162,0.789802,0.557494,246.0
92200,0.179335,0.182243,0.790193,0.556973,246.0
92300,0.179333,0.182997,0.789826,0.557247,246.0
92400,0.179522,0.183346,0.78954,0.557477,246.0
92501,0.178752,0.183922,0.790845,0.555683,246.0
92600,0.178783,0.184119,0.792773,0.552853,246.0
92701,0.179145,0.183542,0.797252,0.54645,246.0
92800,0.178968,0.182926,0.803844,0.536975,246.0
92900,0.179822,0.181319,0.809394,0.528835,246.0
93000,0.181378,0.179964,0.809164,0.529119,246.0
93100,0.182424,0.178827,0.806876,0.532628,246.0
93201,0.182449,0.178258,0.805631,0.53469,246.0
93300,0.182676,0.177945,0.80631,0.533693,246.0
93400,0.183759,0.176043,0.805648,0.53495,246.0
93501,0.184357,0.174821,0.805931,0.534719,246.0
93600,0.184251,0.174076,0.807345,0.532861,246.0
93700,0.184378,0.173801,0.808498,0.531156,246.0
93800,0.184397,0.17375,0.808667,0.53091,246.0
93901,0.184446,0.173961,0.808101,0.531684,246.0
94000,0.184277,0.174005,0.808268,0.531475,246.0
94101,0.184585,0.173508,0.807543,0.532631,246.0
94200,0.184566,0.173595,0.806991,0.533446,246.0
94300,0.184094,0.174093,0.806805,0.533727,246.0
94401,0.183933,0.174641,0.806771,0.533656,246.0
94500,0.183557,0.175004,0.807085,0.53319,246.0
94602,0.183594,0.175316,0.807659,0.532205,246.0
94700,0.183511,0.17555,0.807569,0.532294,246.0
94801,0.183114,0.175815,0.80781,0.531977,246.0
94902,0.183056,0.175945,0.808053,0.531584,246.0
95001,0.183331,0.17646,0.808145,0.531179,246.0
95100,0.183367,0.176734,0.808897,0.52993,246.0
95200,0.183604,0.176562,0.808801,0.530052,246.0
95300,0.184009,0.175928,0.80798,0.531373,246.0
95401,0.184403,0.175872,0.80733,0.532241,246.0
95500,0.184443,0.175356,0.807265,0.532497,246.0
95600,0.184307,0.175247,0.807282,0.532554,246.0
95701,0.184413,0.175038,0.807808,0.531788,246.0
95800,0.184589,0.174631,0.807963,0.531625,246.0
95900,0.18471,0.17431,0.807868,0.531833,246.0
96004,0.18446,0.174269,0.807997,0.531737,246.0
96100,0.184465,0.174463,0.808183,0.531388,246.0
96201,0.184571,0.174632,0.80799,0.531591,246.0
96300,0.184473,0.174865,0.807831,0.531789,246.0
96400,0.184219,0.17533,0.807711,0.531906,246.0
96501,0.184282,0.175192,0.807795,0.531801,246.0
96600,0.184487,0.174873,0.807937,0.531621,246.0
96700,0.184847,0.174365,0.807802,0.531866,246.0
96800,0.184851,0.174447,0.807548,0.532225,246.0
96901,0.184358,0.17461,0.807655,0.53218,246.0
97000,0.1841,0.174905,0.808116,0.531472,246.0
97100,0.1841,0.17474,0.808308,0.531235,246.0
97200,0.184021,0.174757,0.808272,0.531311,246.0
97301,0.18401,0.174836,0.807901,0.531852,246.0
97400,0.183792,0.175027,0.808119,0.531533,246.0
97500,0.183776,0.174897,0.808483,0.531029,246.0
97600,0.183897,0.174744,0.80865,0.530782,246.0
97701,0.184054,0.174682,0.808492,0.530989,246.0
97801,0.184279,0.174782,0.808215,0.5313,246.0
97901,0.184208,0.174971,0.807967,0.531639,246.0
98000,0.184171,0.175031,0.807919,0.531705,246.0
98100,0.184126,0.175178,0.807843,0.531789,246.0
98200,0.184128,0.175234,0.807825,0.531796,246.0
98300,0.18407,0.175183,0.807872,0.531762,246.0
98402,0.184051,0.175375,0.807855,0.53173,246.0
98500,0.184144,0.1756,0.807607,0.532001,246.0
98601,0.184214,0.175563,0.807497,0.532155,246.0
98700,0.184235,0.175456,0.807466,0.532231,246.0
98800,0.1843,0.175544,0.80739,0.532294,246.0
98903,0.184168,0.175672,0.807457,0.532196,246.0
99000,0.183996,0.17551,0.807686,0.531962,246.0
99100,0.184168,0.175381,0.807625,0.532038,246.0
99201,0.184257,0.175518,0.807673,0.531889,246.0
99300,0.184377,0.175275,0.807794,0.531743,246.0
99400,0.184605,0.17497,0.807617,0.532034,246.0
99500,0.184483,0.17489,0.807608,0.532115,246.0
99601,0.184295,0.174894,0.807798,0.531891,246.0
99700,0.184262,0.174964,0.807881,0.531753,246.0
99800,0.184265,0.174911,0.807893,0.531752,246.0
99902,0.184402,0.174983,0.807877,0.531705,246.0
100001,0.184403,0.174812,0.807736,0.531975,246.0
100100,0.184415,0.175068,0.807655,0.53201,246.0
100200,0.184361,0.175138,0.807696,0.531942,246.0
100301,0.184479,0.175216,0.807603,0.532018,246.0
100400,0.184444,0.17506,0.807559,0.532148,246.0
100501,0.184366,0.175064,0.807726,0.53192,246.0
100600,0.184514,0.174838,0.807758,0.531895,246.0
100701,0.184528,0.174695,0.807789,0.53189,246.0
100800,0.184632,0.174431,0.808054,0.531538,246.0
100901,0.184736,0.174226,0.808103,0.531494,246.0
101002,0.184773,0.174259,0.808068,0.531523,246.0
101100,0.184554,0.174315,0.808094,0.531542,246.0
101202,0.184169,0.174554,0.808218,0.531409,246.0
101300,0.184004,0.174715,0.808388,0.531153,246.0
101400,0.183968,0.174885,0.808434,0.531041,246.0
101501,0.18404,0.174763,0.808238,0.531353,246.0
101600,0.183833,0.174993,0.808303,0.531251,246.0
101700,0.183706,0.174944,0.808399,0.531165,246.0
101802,0.183706,0.174961,0.808388,0.531176,246.0
101901,0.18344,0.174995,0.808519,0.531058,246.0
102000,0.183533,0.175145,0.808552,0.530925,246.0
102101,0.183657,0.175004,0.808378,0.531194,246.0
102200,0.183601,0.175011,0.808533,0.530975,246.0
102301,0.183671,0.174929,0.808631,0.530829,246.0
102401,0.183669,0.174965,0.808426,0.531129,246.0
102500,0.183675,0.175105,0.808505,0.530961,246.0
102601,0.183594,0.174853,0.808557,0.530994,246.0
102701,0.183554,0.17496,0.808545,0.530989,246.0
102800,0.183485,0.175294,0.808616,0.530796,246.0
102900,0.183743,0.175055,0.808463,0.531018,246.0
103001,0.183672,0.175033,0.808354,0.531216,246.0
103100,0.183623,0.17538,0.808122,0.53147,246.0
103200,0.183314,0.175976,0.807957,0.531632,246.0
103303,0.182996,0.175721,0.808302,0.531301,246.0
103400,0.183142,0.175902,0.808362,0.5311,246.0
103500,0.183177,0.175933,0.808297,0.531177,246.0
103601,0.183118,0.176068,0.808192,0.531312,246.0
103700,0.183063,0.176097,0.808147,0.531389,246.0
103801,0.182929,0.176198,0.808088,0.531491,246.0
103900,0.182671,0.176188,0.808405,0.531101,246.0
104000,0.182755,0.176254,0.808302,0.531208,246.0
104100,0.182993,0.176409,0.80807,0.531427,246.0
104200,0.183209,0.176507,0.807844,0.531664,246.0
104300,0.183234,0.176248,0.807856,0.531723,246.0
104400,0.183235,0.176331,0.807777,0.531815,246.0
104500,0.183241,0.17635,0.807823,0.531737,246.0
104600,0.183412,0.176376,0.807634,0.531956,246.0
104701,0.183629,0.176142,0.807529,0.532119,246.0
104800,0.183626,0.176017,0.807614,0.532032,246.0
104900,0.183732,0.175937,0.807574,0.532081,246.0
105000,0.183811,0.175998,0.807489,0.532164,246.0
105101,0.183892,0.175937,0.807378,0.532325,246.0
105200,0.183995,0.175767,0.80735,0.532388,246.0
105300,0.183802,0.175627,0.807563,0.532177,246.0
105400,0.183861,0.175635,0.807754,0.531864,246.0
105500,0.183775,0.175673,0.8076,0.532114,246.0
105601,0.18372,0.17578,0.807697,0.531951,246.0
105700,0.183462,0.175714,0.807891,0.531767,246.0
105800,0.183469,0.17586,0.807852,0.531776,246.0
105900,0.18361,0.175639,0.808106,0.531414,246.0
106001,0.183692,0.175764,0.807973,0.531548,246.0
106101,0.183757,0.175847,0.807802,0.531757,246.0
106200,0.183615,0.176036,0.807729,0.531854,246.0
106301,0.18355,0.176174,0.807646,0.531957,246.0
106400,0.183529,0.176066,0.807679,0.53195,246.0
106500,0.183617,0.176056,0.807788,0.531757,246.0
106600,0.183496,0.176027,0.807624,0.532058,246.0
106700,0.183441,0.17604,0.807839,0.531746,246.0
106803,0.183652,0.175492,0.807762,0.531971,246.0
106901,0.18363,0.175585,0.807835,0.531838,246.0
107000,0.183296,0.175901,0.808311,0.531124,246.0
107101,0.183581,0.176035,0.808022,0.531421,246.0
107200,0.183323,0.176087,0.807866,0.53173,246.0
107300,0.183561,0.176604,0.80774,0.531668,246.0
107401,0.183702,0.176257,0.80748,0.532129,246.0
107500,0.183605,0.176107,0.807395,0.532341,246.0
107602,0.183599,0.176156,0.807421,0.532288,246.0
107700,0.183403,0.176329,0.807673,0.531916,246.0
107800,0.183393,0.176241,0.807616,0.532035,246.0
107901,0.183133,0.176219,0.807649,0.532081,246.0
108000,0.183111,0.176239,0.807896,0.531707,246.0
108101,0.182834,0.176146,0.80825,0.531296,246.0
108200,0.182914,0.176093,0.808147,0.531443,246.0
108301,0.182867,0.176389,0.808259,0.531189,246.0
108400,0.182853,0.176274,0.808096,0.531481,246.0
108501,0.182833,0.176221,0.808333,0.531145,246.0
108600,0.182699,0.176318,0.808306,0.5312,246.0
108701,0.182765,0.176563,0.808086,0.53143,246.0
108800,0.182627,0.176519,0.808153,0.531391,246.0
108900,0.182682,0.176806,0.80812,0.531326,246.0
109001,0.182708,0.176533,0.808121,0.531406,246.0
109100,0.183044,0.17628,0.808008,0.531547,246.0
109200,0.183025,0.176138,0.808073,0.531502,246.0
109301,0.182976,0.176127,0.808129,0.531437,246.0
109400,0.182889,0.175891,0.808284,0.531309,246.0
109500,0.182957,0.175877,0.808177,0.531453,246.0
109601,0.182643,0.176133,0.808599,0.530834,246.0
109700,0.182422,0.175982,0.80891,0.530485,246.0
109801,0.182783,0.176048,0.808517,0.530939,246.0
109900,0.182806,0.175957,0.808593,0.530846,246.0
110001,0.182341,0.176375,0.808656,0.530771,246.0
110100,0.182475,0.175962,0.808579,0.530978,246.0
110200,0.182491,0.176155,0.808961,0.530327,246.0
110301,0.182608,0.176224,0.808597,0.530819,246.0
110400,0.182744,0.176346,0.808354,0.531102,246.0
110500,0.182968,0.176298,0.808156,0.531341,246.0
110601,0.183354,0.176279,0.808028,0.531409,246.0
110700,0.183622,0.176086,0.80758,0.532061,246.0
110800,0.183509,0.175771,0.808042,0.531503,246.0
110900,0.183973,0.175577,0.807978,0.531505,246.0
111001,0.18396,0.17546,0.807422,0.532391,246.0
111100,0.183557,0.175985,0.807482,0.532266,246.0
111200,0.183237,0.176261,0.808288,0.531061,246.0
111300,0.183698,0.175797,0.806641,0.533553,246.0
111400,0.183944,0.175963,0.805456,0.535201,246.0
111501,0.184222,0.176029,0.805031,0.535723,246.0
111600,0.184513,0.176368,0.804413,0.53644,246.0
111700,0.184172,0.177017,0.804441,0.536301,246.0
111800,0.183586,0.177622,0.804549,0.53614,246.0
111901,0.183798,0.17775,0.803877,0.537033,246.0
112000,0.183997,0.177649,0.802863,0.538513,246.0
112100,0.183829,0.177368,0.80257,0.539099,246.0
112201,0.182717,0.178314,0.804245,0.536663,246.0
112300,0.181941,0.179269,0.804804,0.535769,246.0
112400,0.181564,0.179162,0.806147,0.533911,246.0
112500,0.182006,0.178493,0.805594,0.534819,246.0
112600,0.182638,0.178697,0.804254,0.536549,246.0
112701,0.183056,0.178647,0.803142,0.538087,246.0
112800,0.1826,0.17876,0.803168,0.538165,246.0
112900,0.181563,0.178573,0.804389,0.536752,246.0
113001,0.180595,0.179126,0.806026,0.534435,246.0
113100,0.17991,0.179842,0.806506,0.533699,246.0
113200,0.179387,0.181334,0.805879,0.534318,246.0
113300,0.179124,0.181173,0.80533,0.535288,246.0
113401,0.178342,0.180571,0.80658,0.533869,246.0
113500,0.17699,0.181195,0.807874,0.532147,246.0
113600,0.176006,0.181771,0.808906,0.530708,246.0
113701,0.176691,0.180987,0.809591,0.529703,246.0
113803,0.178249,0.178614,0.810178,0.529088,246.0
113901,0.179572,0.176586,0.81152,0.527262,246.0
114001,0.181338,0.174246,0.813841,0.523848,246.0
114100,0.184012,0.169256,0.813236,0.525488,246.0
114200,0.184669,0.167519,0.812674,0.526683,246.0
114301,0.188498,0.180182,0.814666,0.517997,246.0
114400,0.189706,0.180666,0.817998,0.512102,246.0
114501,0.18708,0.179568,0.81324,0.520956,246.0
114600,0.189599,0.176228,0.808338,0.528758,246.0
114701,0.189815,0.175501,0.803073,0.536882,246.0
114801,0.183276,0.177471,0.803294,0.538174,246.0
114901,0.181823,0.177615,0.808897,0.530167,246.0
115001,0.182126,0.182295,0.809469,0.527595,246.0
115101,0.187075,0.174646,0.803723,0.53715,246.0
115200,0.183243,0.168456,0.796417,0.551147,246.0
115302,0.17984,0.172209,0.800664,0.54492,246.0
115400,0.180479,0.174366,0.80649,0.535347,246.0
115501,0.181041,0.173368,0.810069,0.530051,246.0
115600,0.181728,0.176228,0.809638,0.529531,246.0
115700,0.184618,0.176506,0.809106,0.529251,246.0
115801,0.184821,0.175403,0.808938,0.529804,246.0
115901,0.184997,0.175841,0.81122,0.526096,246.0
116000,0.186808,0.173656,0.81177,0.525332,246.0
116101,0.190671,0.169061,0.80917,0.529439,246.0
116200,0.195539,0.168721,0.798666,0.543533,246.0
116300,0.195311,0.169631,0.781185,0.568178,246.0
116400,0.193638,0.170486,0.773275,0.579209,246.0
116500,0.191113,0.171896,0.778128,0.573099,246.0
116601,0.188423,0.170716,0.784209,0.56601,246.0
116700,0.184827,0.171576,0.790994,0.557429,246.0
116800,0.184293,0.174657,0.798474,0.545866,246.0
116901,0.18479,0.173953,0.803081,0.539122,246.0
117001,0.187843,0.173912,0.804618,0.535779,246.0
117100,0.191373,0.17239,0.803355,0.536914,246.0
117200,0.190249,0.172731,0.799743,0.542566,246.0
117300,0.188695,0.17512,0.796558,0.547011,246.0
117401,0.190192,0.175238,0.785058,0.562851,246.0
117500,0.190745,0.175714,0.772586,0.579526,246.0
117600,0.190466,0.176985,0.761458,0.593783,246.0
117701,0.190139,0.178493,0.745775,0.61303,246.0
117800,0.19182,0.178697,0.718328,0.644418,246.0
117901,0.187972,0.183644,0.689189,0.675247,246.0
118000,0.182004,0.189938,0.687298,0.677066,246.0
118102,0.180091,0.192235,0.698497,0.665367,246.0
118201,0.181976,0.190109,0.707956,0.655393,246.0
118300,0.18334,0.188792,0.712506,0.650444,246.0
118400,0.184836,0.187052,0.715295,0.647455,246.0
118500,0.184849,0.186076,0.722081,0.640159,246.0
118601,0.185118,0.185602,0.727438,0.634126,246.0
118700,0.183964,0.185913,0.728098,0.633613,246.0
118800,0.182332,0.187602,0.727134,0.634693,246.0
118901,0.180649,0.189437,0.728293,0.633298,246.0
119000,0.180371,0.188966,0.72809,0.633752,246.0
119101,0.180679,0.188932,0.728883,0.632762,246.0
119200,0.1821,0.187808,0.728962,0.632598,246.0
119300,0.185151,0.185215,0.731032,0.630083,246.0
119403,0.187447,0.183436,0.736679,0.623311,246.0
119500,0.185653,0.184249,0.744494,0.614258,246.0
119600,0.184449,0.185569,0.752631,0.604225,246.0
119702,0.188189,0.185378,0.753919,0.601518,246.0
119800,0.189976,0.184655,0.749078,0.6072,246.0
119900,0.188207,0.185843,0.748506,0.608094,246.0
120000,0.183866,0.184903,0.753301,0.603772,246.0
120101,0.179124,0.185517,0.752987,0.605398,246.0
120200,0.176538,0.187303,0.754441,0.603796,246.0
120301,0.176397,0.187382,0.758088,0.599227,246.0
120402,0.176252,0.187141,0.75999,0.596931,246.0
120500,0.177123,0.185493,0.760748,0.596222,246.0
120601,0.1798,0.18299,0.759465,0.597828,246.0
120701,0.178086,0.183946,0.759616,0.597856,246.0
120801,0.17678,0.186507,0.75471,0.603635,246.0
120909,0.176093,0.189284,0.750742,0.607905,246.0
121001,0.174982,0.191203,0.75028,0.608194,246.0
121103,0.174403,0.192932,0.744591,0.61477,246.0
121200,0.174296,0.193418,0.738674,0.621747,246.0
121300,0.174775,0.193701,0.738107,0.622198,246.0
121401,0.174467,0.194363,0.744594,0.614298,246.0
121500,0.17509,0.192703,0.752237,0.605266,246.0
121600,0.176637,0.189359,0.755399,0.601925,246.0
121701,0.177445,0.185779,0.759007,0.598253,246.0
121801,0.181105,0.187351,0.760089,0.595285,246.0
121901,0.195339,0.187693,0.750448,0.60286,246.0
122000,0.195145,0.182959,0.75009,0.60482,246.0
122101,0.193402,0.182905,0.749649,0.605942,246.0
122201,0.191603,0.18521,0.75142,0.603616,246.0
122300,0.188418,0.185396,0.750384,0.605846,246.0
122401,0.187225,0.187671,0.743186,0.614328,246.0
122500,0.185131,0.192443,0.738307,0.61935,246.0
122600,0.183185,0.196991,0.735836,0.621435,246.0
122700,0.179803,0.202237,0.732813,0.624303,246.0
122801,0.164817,0.185362,0.734065,0.632158,246.0
122900,0.153824,0.164327,0.733709,0.641097,246.0
123000,0.15438,0.174598,0.733207,0.638818,246.0
123101,0.153346,0.189487,0.737621,0.629678,246.0
123200,0.150215,0.190247,0.746132,0.620102,246.0
123301,0.155378,0.195951,0.752759,0.608944,246.0
123402,0.1658,0.195461,0.747035,0.613386,246.0
123501,0.165596,0.192442,0.746626,0.614892,246.0
123600,0.162707,0.189689,0.752332,0.60954,246.0
123700,0.168486,0.18596,0.754122,0.606902,246.0
123803,0.172693,0.186333,0.752287,0.607882,246.0
123901,0.172789,0.189014,0.746863,0.613687,246.0
124000,0.179473,0.201585,0.744276,0.610904,246.0
124100,0.183686,0.206638,0.745592,0.606343,246.0
124200,0.183386,0.197201,0.736381,0.620663,246.0
124300,0.181047,0.199202,0.73727,0.619655,246.0
124401,0.179283,0.199809,0.736093,0.621369,246.0
124500,0.176616,0.197291,0.733419,0.626081,246.0
124602,0.176092,0.19739,0.728144,0.632324,246.0
124700,0.178758,0.203393,0.720887,0.637964,246.0
124800,0.18209,0.208978,0.716208,0.640481,246.0
124902,0.173971,0.200055,0.716692,0.64503,246.0
125000,0.145061,0.16707,0.734679,0.641319,246.0
125100,0.155607,0.194828,0.739076,0.625774,246.0
125201,0.167785,0.20448,0.737524,0.621364,246.0
125300,0.164748,0.193403,0.733882,0.629975,246.0
125400,0.16422,0.19574,0.735253,0.627788,246.0
125500,0.167604,0.200266,0.73505,0.625701,246.0
125601,0.166268,0.198202,0.732488,0.629707,246.0
125700,0.166978,0.197415,0.734277,0.627679,246.0
125800,0.169488,0.196009,0.733732,0.628084,246.0
125900,0.171601,0.194207,0.733155,0.628743,246.0
126001,0.173329,0.193331,0.734238,0.627274,246.0
126100,0.176924,0.190568,0.732577,0.629055,246.0
126202,0.178163,0.188271,0.732648,0.629315,246.0
126300,0.178071,0.187984,0.73455,0.627206,246.0
126402,0.17888,0.187828,0.736122,0.625176,246.0
126503,0.180203,0.187118,0.736306,0.624793,246.0
126600,0.180724,0.186631,0.737051,0.623908,246.0
126701,0.179727,0.185371,0.736902,0.624748,246.0
126800,0.180714,0.187577,0.73478,0.626301,246.0
126900,0.190092,0.196449,0.725943,0.631093,246.0
127000,0.187629,0.193655,0.72521,0.633532,246.0
127101,0.18401,0.191899,0.724532,0.635898,246.0
127200,0.183725,0.193654,0.724569,0.635406,246.0
127300,0.182513,0.193364,0.724076,0.636405,246.0
127400,0.181357,0.193168,0.72342,0.637541,246.0
127501,0.180503,0.193086,0.722045,0.639363,246.0
127600,0.179635,0.193947,0.720432,0.641164,246.0
127700,0.18411,0.198603,0.711653,0.648235,246.0
127800,0.190181,0.199131,0.701176,0.657669,246.0
127901,0.189175,0.194137,0.694415,0.666565,246.0
128000,0.169811,0.177899,0.699662,0.670811,246.0
128100,0.16561,0.177484,0.70603,0.665276,246.0
128200,0.173475,0.18979,0.712256,0.653128,246.0
128301,0.175027,0.186238,0.715508,0.650175,246.0
128401,0.177404,0.184218,0.714721,0.650971,246.0
128500,0.180167,0.187132,0.716729,0.647162,246.0
128600,0.179941,0.186668,0.717465,0.646544,246.0
128700,0.17763,0.186204,0.723517,0.640545,246.0
128800,0.176223,0.185869,0.731003,0.63248,246.0
128900,0.176096,0.186442,0.732955,0.630083,246.0
129001,0.176785,0.18765,0.733883,0.628449,246.0
129100,0.177437,0.187113,0.734234,0.628016,246.0
129200,0.177913,0.185523,0.733318,0.629421,246.0
129300,0.177952,0.185117,0.732572,0.630398,246.0
129400,0.1773,0.186321,0.731912,0.630994,246.0
129500,0.177252,0.188658,0.731735,0.630517,246.0
129601,0.177721,0.189896,0.731358,0.630451,246.0
129700,0.181411,0.194023,0.72621,0.634084,246.0
129800,0.188102,0.195854,0.713781,0.64558,246.0
129900,0.185357,0.19081,0.711414,0.650479,246.0
130000,0.184426,0.191585,0.708224,0.653987,246.0
130101,0.182885,0.194329,0.710342,0.651308,246.0
130200,0.180327,0.194086,0.711264,0.651087,246.0
130300,0.179298,0.195385,0.713163,0.648901,246.0
130400,0.179775,0.194928,0.712183,0.649983,246.0
130500,0.18009,0.195365,0.710352,0.651765,246.0
130601,0.182455,0.19706,0.70769,0.653491,246.0
130700,0.184177,0.194909,0.705,0.656554,246.0
130800,0.172947,0.178859,0.711852,0.656783,246.0
130901,0.172227,0.177987,0.7126,0.656398,246.0
131000,0.178567,0.189356,0.713423,0.650602,246.0
131100,0.182561,0.191748,0.717873,0.643864,246.0
131200,0.181111,0.181801,0.720736,0.64396,246.0
131303,0.182594,0.179147,0.718983,0.646241,246.0
131400,0.186124,0.184849,0.717105,0.645715,246.0
131500,0.184237,0.184891,0.718202,0.645025,246.0
131600,0.184905,0.189259,0.717733,0.644088,246.0
131701,0.186292,0.190322,0.714006,0.647508,246.0
131800,0.175178,0.178443,0.716724,0.650981,246.0
131900,0.180998,0.191139,0.711958,0.651015,246.0
132001,0.182591,0.195714,0.711023,0.650231,246.0
132100,0.173194,0.183202,0.713078,0.654186,246.0
132200,0.175906,0.190967,0.712169,0.652229,246.0
132301,0.173888,0.189111,0.713988,0.651321,246.0
132400,0.174523,0.188446,0.715334,0.649866,246.0
132500,0.181865,0.196012,0.714767,0.646228,246.0
132600,0.176433,0.185005,0.715792,0.649835,246.0
132702,0.177169,0.188063,0.716647,0.647811,246.0
132801,0.18073,0.189192,0.715587,0.64767,246.0
132901,0.180944,0.188225,0.712888,0.650861,246.0
133000,0.182375,0.189364,0.710781,0.652433,246.0
133100,0.184883,0.184457,0.698778,0.665959,246.0
133202,0.185387,0.181805,0.692916,0.67264,246.0
133300,0.18603,0.181309,0.691152,0.674409,246.0
133401,0.185316,0.180462,0.690906,0.675084,246.0
133500,0.185127,0.181932,0.692912,0.672682,246.0
133600,0.187403,0.18191,0.692724,0.67225,246.0
133700,0.187545,0.181025,0.693049,0.672114,246.0
133801,0.187335,0.18162,0.695646,0.669324,246.0
133901,0.187899,0.181354,0.696189,0.668673,246.0
134000,0.188127,0.181021,0.694679,0.670268,246.0
134100,0.186781,0.182378,0.693481,0.671516,246.0
134200,0.186036,0.182765,0.692214,0.672923,246.0
134301,0.185666,0.183145,0.693762,0.671326,246.0
134400,0.185355,0.183642,0.694829,0.670172,246.0
134501,0.185048,0.18386,0.694818,0.670208,246.0
134600,0.185622,0.183326,0.694056,0.670985,246.0
134700,0.186415,0.182786,0.692639,0.672375,246.0
134802,0.186475,0.182236,0.692643,0.672504,246.0
134900,0.186549,0.182131,0.69381,0.671308,246.0
135000,0.186425,0.181977,0.694148,0.671034,246.0
135100,0.185863,0.182726,0.69524,0.669855,246.0
135200,0.185233,0.183067,0.695548,0.669617,246.0
135301,0.18487,0.183221,0.696546,0.668636,246.0
135400,0.1844,0.183738,0.696765,0.668397,246.0
135500,0.184399,0.183894,0.696838,0.668278,246.0
135600,0.184769,0.183783,0.695553,0.669543,246.0
135700,0.18491,0.183464,0.695062,0.670102,246.0
135801,0.185201,0.183369,0.694926,0.670189,246.0
135900,0.185419,0.183286,0.694583,0.670507,246.0
136000,0.18543,0.18303,0.694633,0.670521,246.0
136100,0.185436,0.183081,0.694881,0.670249,246.0
136202,0.185692,0.182874,0.694408,0.670725,246.0
136300,0.185219,0.183091,0.694267,0.670942,246.0
136400,0.184766,0.183352,0.694486,0.670769,246.0
136500,0.184402,0.183974,0.694962,0.670206,246.0
136600,0.184475,0.184081,0.694645,0.670485,246.0
136700,0.184736,0.183954,0.693804,0.671318,246.0
136801,0.184759,0.183785,0.693826,0.671336,246.0
136900,0.184279,0.184146,0.694041,0.671146,246.0
137000,0.183317,0.184571,0.694648,0.670664,246.0
137100,0.183632,0.18493,0.694565,0.670565,246.0
137200,0.183727,0.184665,0.693875,0.671326,246.0
137300,0.184511,0.183864,0.690589,0.674711,246.0
137401,0.185245,0.183235,0.687166,0.678167,246.0
137500,0.185253,0.183705,0.686403,0.67881,246.0
137600,0.185293,0.183755,0.686216,0.678974,246.0
137700,0.185501,0.183318,0.685398,0.679861,246.0
137800,0.185509,0.183014,0.684617,0.680728,246.0
137900,0.186376,0.183086,0.68375,0.681343,246.0
138001,0.186425,0.183011,0.68408,0.681018,246.0
138100,0.186552,0.182412,0.683531,0.681695,246.0
138200,0.186651,0.182711,0.683392,0.681727,246.0
138300,0.186721,0.182641,0.683777,0.681341,246.0
138400,0.187625,0.181722,0.681712,0.683404,246.0
138500,0.187975,0.181483,0.681413,0.68367,246.0
138601,0.187864,0.18091,0.682395,0.682872,246.0
138700,0.188299,0.180759,0.680891,0.684292,246.0
138800,0.187934,0.181542,0.682431,0.682649,246.0
138902,0.18804,0.181051,0.681741,0.683439,246.0
139003,0.188467,0.180892,0.679732,0.685362,246.0
139100,0.187596,0.180976,0.679217,0.686089,246.0
139204,0.187228,0.181542,0.680095,0.68517,246.0
139300,0.187259,0.180893,0.680166,0.685262,246.0
139400,0.187453,0.180644,0.679481,0.685954,246.0
139502,0.187871,0.180472,0.678603,0.686754,246.0
139600,0.187659,0.180701,0.678983,0.686375,246.0
139700,0.187502,0.180522,0.679306,0.686146,246.0
139800,0.18782,0.180532,0.678591,0.686763,246.0
139900,0.187691,0.180682,0.679257,0.6861,246.0
140001,0.187024,0.18138,0.681487,0.683884,246.0
140100,0.186101,0.182477,0.684551,0.680777,246.0
140200,0.185534,0.18309,0.687502,0.677786,246.0
140300,0.185103,0.183748,0.689811,0.675376,246.0
140400,0.185122,0.183969,0.690633,0.67447,246.0
140501,0.18486,0.183909,0.690272,0.674928,246.0
140600,0.185032,0.183911,0.69012,0.675035,246.0
140700,0.185226,0.183476,0.689637,0.675594,246.0
140800,0.186024,0.182622,0.68735,0.677933,246.0
140900,0.186647,0.181747,0.684424,0.68095,246.0
141001,0.18686,0.181349,0.683084,0.682342,246.0
141100,0.186882,0.181469,0.682838,0.68255,246.0
141200,0.186703,0.181528,0.682666,0.682756,246.0
141300,0.186492,0.181583,0.682546,0.682918,246.0
141401,0.186017,0.182259,0.682505,0.682908,246.0
141500,0.185737,0.182516,0.68196,0.683461,246.0
141600,0.18543,0.182778,0.682124,0.68331,246.0
141700,0.185815,0.182387,0.682288,0.683146,246.0
141801,0.185184,0.182931,0.682238,0.683223,246.0
141900,0.184715,0.183451,0.684374,0.68107,246.0
142000,0.184652,0.183258,0.686249,0.67925,246.0
142100,0.184467,0.183443,0.686264,0.679235,246.0
142200,0.18481,0.182766,0.684991,0.680608,246.0
142300,0.184848,0.182512,0.684389,0.681271,246.0
142400,0.184623,0.182623,0.68455,0.681141,246.0
142501,0.184508,0.182656,0.685643,0.680063,246.0
142600,0.184465,0.183023,0.686728,0.678881,246.0
142700,0.184319,0.183337,0.68656,0.679005,246.0
142800,0.184007,0.183187,0.687368,0.678313,246.0
142900,0.183897,0.183317,0.687415,0.678259,246.0
143004,0.183868,0.183126,0.687457,0.678276,246.0
143100,0.183897,0.183128,0.687917,0.677802,246.0
143201,0.18389,0.183104,0.687793,0.677935,246.0
143300,0.18495,0.182267,0.686576,0.679105,246.0
143400,0.185052,0.182577,0.685842,0.679736,246.0
143500,0.184844,0.182707,0.686916,0.678672,246.0
143600,0.184477,0.182886,0.688598,0.677017,246.0
143700,0.184251,0.183036,0.688907,0.676724,246.0
143801,0.184285,0.183044,0.687868,0.677769,246.0
143900,0.185147,0.182685,0.686417,0.6791,246.0
144000,0.185167,0.183049,0.685424,0.679999,246.0
144101,0.184034,0.178616,0.68706,0.679835,246.0
144200,0.180442,0.180393,0.690765,0.676566,246.0
144300,0.175314,0.185278,0.69915,0.667925,246.0
144401,0.173285,0.183337,0.710365,0.657069,246.0
144500,0.17633,0.182098,0.707118,0.660099,246.0
144600,0.180822,0.181716,0.704731,0.66154,246.0
144701,0.181088,0.182564,0.705086,0.660855,246.0
144801,0.181774,0.182725,0.705303,0.66039,246.0
144901,0.181033,0.183368,0.70745,0.658115,246.0
145000,0.181169,0.183123,0.707483,0.658111,246.0
145100,0.182545,0.183205,0.70342,0.662051,246.0
145200,0.18323,0.18229,0.700593,0.665105,246.0
145302,0.184688,0.181257,0.698131,0.667568,246.0
145400,0.18503,0.181248,0.697046,0.668609,246.0
145501,0.186276,0.180145,0.695786,0.669873,246.0
145600,0.186883,0.179411,0.694682,0.671045,246.0
145700,0.187211,0.179038,0.694228,0.671523,246.0
145801,0.187808,0.178925,0.692672,0.672992,246.0
145900,0.187823,0.178442,0.692646,0.673143,246.0
146000,0.187901,0.178334,0.692836,0.672954,246.0
146100,0.187817,0.178433,0.693445,0.672324,246.0
146201,0.186894,0.179107,0.695126,0.670663,246.0
146300,0.186446,0.179439,0.696673,0.669092,246.0
146400,0.185922,0.180287,0.698603,0.666995,246.0
146500,0.185659,0.180432,0.699173,0.666431,246.0
146601,0.185248,0.180838,0.699911,0.66566,246.0
146700,0.185133,0.181182,0.699435,0.666099,246.0
146800,0.185053,0.181216,0.699353,0.666198,246.0
146901,0.185309,0.181174,0.699042,0.666465,246.0
147000,0.185284,0.181081,0.699015,0.666526,246.0
147100,0.185469,0.18082,0.699027,0.666532,246.0
147200,0.185534,0.180543,0.699254,0.666351,246.0
147300,0.185598,0.180531,0.699325,0.666262,246.0
147400,0.185507,0.180498,0.699585,0.666024,246.0
147500,0.185603,0.18009,0.699797,0.665884,246.0
147601,0.18607,0.179628,0.700005,0.66566,246.0
147700,0.186382,0.179368,0.700142,0.665499,246.0
147802,0.186709,0.179123,0.700283,0.665324,246.0
147900,0.186665,0.178929,0.700156,0.665522,246.0
148000,0.186408,0.179099,0.700196,0.665507,246.0
148100,0.186261,0.179246,0.700428,0.665264,246.0
148200,0.185944,0.179691,0.700404,0.665258,246.0
148301,0.185839,0.179814,0.700233,0.665434,246.0
148400,0.185837,0.180029,0.699961,0.665663,246.0
148500,0.18582,0.180082,0.699708,0.665919,246.0
148600,0.185857,0.180228,0.699607,0.665976,246.0
148700,0.185693,0.180396,0.699589,0.665995,246.0
148801,0.185406,0.18036,0.699574,0.6661,246.0
148900,0.185349,0.180388,0.699893,0.665774,246.0
149000,0.185389,0.180496,0.699829,0.6658,246.0
149101,0.18523,0.180552,0.699786,0.665875,246.0
149200,0.185439,0.180548,0.699729,0.665877,246.0
149301,0.185583,0.180363,0.699691,0.665927,246.0
149401,0.185569,0.180076,0.699995,0.665689,246.0
149500,0.185839,0.179993,0.699996,0.665635,246.0
149600,0.186164,0.1799,0.699735,0.665844,246.0
149701,0.186224,0.179813,0.699803,0.665779,246.0
149800,0.186263,0.179665,0.699726,0.665889,246.0
149900,0.18629,0.179671,0.699679,0.66593,246.0
150000,0.186251,0.17969,0.699969,0.66563,246.0
150100,0.186289,0.179844,0.699607,0.665959,246.0
150200,0.186208,0.179991,0.699494,0.66606,246.0
150301,0.186179,0.179894,0.699589,0.665994,246.0
150400,0.186328,0.179878,0.699494,0.666057,246.0
150500,0.186375,0.179934,0.69934,0.66619,246.0
150600,0.186588,0.179985,0.699235,0.666227,246.0
150700,0.186641,0.179816,0.699158,0.666339,246.0
150800,0.186689,0.179889,0.698946,0.666528,246.0
150901,0.186614,0.179914,0.698903,0.666588,246.0
151000,0.186547,0.179823,0.698945,0.666587,246.0
151100,0.186593,0.179591,0.69923,0.666337,246.0
151200,0.186566,0.179523,0.699569,0.666008,246.0
151301,0.186728,0.179444,0.69965,0.665898,246.0
151400,0.186798,0.179568,0.699414,0.666093,246.0
151501,0.187035,0.179608,0.699328,0.666107,246.0
151601,0.187267,0.179384,0.699156,0.666282,246.0
151700,0.187577,0.179385,0.698755,0.666616,246.0
151800,0.187735,0.179242,0.698718,0.666648,246.0
151900,0.187823,0.179083,0.698649,0.666738,246.0
152001,0.18798,0.179351,0.698493,0.666785,246.0
152101,0.187985,0.179218,0.698365,0.666954,246.0
152200,0.188108,0.178922,0.698396,0.666965,246.0
152300,0.187643,0.179265,0.698376,0.667026,246.0
152400,0.187638,0.179305,0.698526,0.66686,246.0
152501,0.187221,0.179414,0.698637,0.666831,246.0
152600,0.187205,0.179457,0.698686,0.666772,246.0
152700,0.187045,0.179984,0.698549,0.666819,246.0
152801,0.186381,0.180198,0.698574,0.666921,246.0
152900,0.186081,0.180375,0.699009,0.666501,246.0
153001,0.186181,0.18068,0.698804,0.666606,246.0
153100,0.186429,0.180489,0.69844,0.666969,246.0
153200,0.186311,0.180773,0.698246,0.667129,246.0
153301,0.186259,0.180932,0.698286,0.667058,246.0
153400,0.186491,0.180798,0.697943,0.667388,246.0
153500,0.186652,0.180983,0.697768,0.667477,246.0
153600,0.186536,0.181081,0.697337,0.667932,246.0
153701,0.186715,0.180996,0.697387,0.667852,246.0
153800,0.187207,0.180759,0.697198,0.667976,246.0
153901,0.187374,0.180631,0.697025,0.668145,246.0
154001,0.187404,0.180512,0.69701,0.668184,246.0
154100,0.187653,0.180008,0.697175,0.668079,246.0
154200,0.18774,0.179837,0.697492,0.667769,246.0
154301,0.187783,0.179807,0.69761,0.667641,246.0
154400,0.187503,0.179815,0.69768,0.667645,246.0
154500,0.187185,0.179513,0.697925,0.66756,246.0
154600,0.186769,0.179838,0.698462,0.667027,246.0
154700,0.18647,0.179926,0.698828,0.666703,246.0
154801,0.186091,0.179865,0.699164,0.666473,246.0
154900,0.185879,0.179757,0.699707,0.665992,246.0
155000,0.185646,0.180193,0.699907,0.665729,246.0
155101,0.185583,0.180247,0.700002,0.665632,246.0
155200,0.18561,0.179868,0.699897,0.665837,246.0
155300,0.18549,0.18019,0.699971,0.665706,246.0
155400,0.185708,0.180035,0.700034,0.66562,246.0
155501,0.185936,0.179963,0.699929,0.665687,246.0
155600,0.185814,0.180095,0.699896,0.66572,246.0
155700,0.185603,0.180134,0.699558,0.666124,246.0
155801,0.185069,0.18021,0.699962,0.665827,246.0
155900,0.184642,0.180547,0.700621,0.665161,246.0
156000,0.184216,0.180513,0.701073,0.664812,246.0
156100,0.184698,0.18053,0.700546,0.665229,246.0
156200,0.184505,0.180866,0.700316,0.665433,246.0
156301,0.184759,0.180594,0.700898,0.664823,246.0
156400,0.185464,0.179833,0.700321,0.665442,246.0
156500,0.185285,0.179867,0.700487,0.665307,246.0
156600,0.184721,0.180134,0.701536,0.664286,246.0
156701,0.185009,0.179748,0.701733,0.664102,246.0
156800,0.185231,0.179524,0.701368,0.664485,246.0
156900,0.185109,0.179389,0.701833,0.664065,246.0
157000,0.184683,0.179793,0.701349,0.664586,246.0
157101,0.184181,0.180188,0.701878,0.66406,246.0
157201,0.184423,0.180234,0.701953,0.6639,246.0
157300,0.184528,0.18035,0.701225,0.664609,246.0
157400,0.184525,0.180662,0.701017,0.664745,246.0
157501,0.184304,0.181004,0.700718,0.665028,246.0
157600,0.184399,0.180685,0.700667,0.665142,246.0
157700,0.184405,0.18044,0.700951,0.664908,246.0
157804,0.184834,0.180689,0.701003,0.664666,246.0
157900,0.185234,0.180345,0.700515,0.665162,246.0
158001,0.185581,0.180366,0.700134,0.665462,246.0
158100,0.185096,0.180301,0.700276,0.665464,246.0
158200,0.184784,0.18008,0.700706,0.665158,246.0
158301,0.184769,0.18018,0.700917,0.664913,246.0
158400,0.184993,0.18015,0.700832,0.664949,246.0
158500,0.185062,0.179955,0.700841,0.664973,246.0
158600,0.184892,0.180331,0.700872,0.664885,246.0
158700,0.184759,0.180394,0.700777,0.665005,246.0
158801,0.184802,0.180153,0.700985,0.66484,246.0
158900,0.185142,0.179878,0.700995,0.664809,246.0
159001,0.185054,0.179836,0.701053,0.664783,246.0
159100,0.18534,0.179859,0.701082,0.664667,246.0
159200,0.18533,0.180107,0.700985,0.664705,246.0
159300,0.185532,0.179671,0.700925,0.66483,246.0
159400,0.18588,0.1795,0.700886,0.66482,246.0
159501,0.185709,0.179693,0.700772,0.664936,246.0
159600,0.18605,0.179424,0.700575,0.665121,246.0
159700,0.186319,0.179725,0.700389,0.66516,246.0
159800,0.186569,0.179524,0.699703,0.665865,246.0
159901,0.186473,0.179522,0.699658,0.66594,246.0
160000,0.186394,0.179843,0.699557,0.665982,246.0
160102,0.186745,0.179531,0.699418,0.666114,246.0
160200,0.18708,0.17942,0.699383,0.666087,246.0
160300,0.187053,0.179426,0.699287,0.666193,246.0
160400,0.187211,0.179334,0.69926,0.666202,246.0
160500,0.187576,0.179519,0.698925,0.666401,246.0
160601,0.187345,0.17932,0.698759,0.666694,246.0
160700,0.187496,0.179475,0.698616,0.666759,246.0
160800,0.18779,0.179454,0.698289,0.667025,246.0
160901,0.187753,0.179567,0.698398,0.66689,246.0
161000,0.188007,0.179217,0.698247,0.667071,246.0
161100,0.188036,0.179073,0.698278,0.66707,246.0
161200,0.187943,0.179117,0.698313,0.667047,246.0
161301,0.188251,0.179333,0.697988,0.667243,246.0
161400,0.188242,0.179138,0.697808,0.667486,246.0
161500,0.18819,0.17935,0.697915,0.667331,246.0
161600,0.188015,0.179347,0.698042,0.667249,246.0
161700,0.188075,0.179155,0.698015,0.667312,246.0
161801,0.188001,0.179152,0.698296,0.667039,246.0
161900,0.187831,0.179208,0.698588,0.666766,246.0
162000,0.187955,0.179035,0.69865,0.666712,246.0
162100,0.188024,0.178989,0.698359,0.667011,246.0
162200,0.187894,0.178873,0.698545,0.666883,246.0
162301,0.187499,0.178986,0.698875,0.666618,246.0
162400,0.187576,0.178744,0.699382,0.66613,246.0
162500,0.187706,0.178628,0.69921,0.666305,246.0
162600,0.187492,0.178841,0.699645,0.665851,246.0
162700,0.187534,0.178484,0.699654,0.665926,246.0
162801,0.18718,0.178678,0.699378,0.666263,246.0
162900,0.186973,0.178894,0.700298,0.665297,246.0
163000,0.187254,0.178652,0.700074,0.665518,246.0
163100,0.187704,0.178453,0.700065,0.665454,246.0
163200,0.187888,0.178419,0.699718,0.665776,246.0
163301,0.18811,0.178383,0.699836,0.665599,246.0
163400,0.188297,0.178195,0.699174,0.666292,246.0
163500,0.188211,0.178682,0.699062,0.666303,246.0
163600,0.188536,0.178563,0.698791,0.666527,246.0
163700,0.188627,0.178198,0.698566,0.666835,246.0
163801,0.188538,0.178189,0.69912,0.666282,246.0
163900,0.188695,0.177956,0.699209,0.666207,246.0
164000,0.188599,0.1779,0.69901,0.666457,246.0
164100,0.188645,0.178052,0.698909,0.66651,246.0
164200,0.188521,0.178278,0.699163,0.666217,246.0
164301,0.188082,0.178355,0.699473,0.665996,246.0
164400,0.187925,0.178416,0.699612,0.665878,246.0
164500,0.187865,0.178482,0.699328,0.666176,246.0
164600,0.187923,0.178632,0.698969,0.666496,246.0
164700,0.187783,0.17866,0.699271,0.666211,246.0
164801,0.188001,0.178456,0.699603,0.665855,246.0
164900,0.188152,0.178412,0.699365,0.666074,246.0
165000,0.188118,0.178583,0.698978,0.666445,246.0
165100,0.187918,0.178704,0.699361,0.666067,246.0
165201,0.187888,0.178844,0.699209,0.666196,246.0
165300,0.187841,0.17882,0.699071,0.666362,246.0
165400,0.188032,0.178804,0.698886,0.666506,246.0
165500,0.187941,0.178683,0.69887,0.666581,246.0
165600,0.187905,0.178564,0.699244,0.66623,246.0
165700,0.187793,0.17852,0.699429,0.666079,246.0
165800,0.187822,0.178392,0.699733,0.665786,246.0
165900,0.187759,0.178499,0.699644,0.665869,246.0
166000,0.187911,0.178623,0.699812,0.665615,246.0
166101,0.188095,0.178503,0.699442,0.665984,246.0
166200,0.188166,0.178524,0.699286,0.666124,246.0
166300,0.188387,0.178386,0.699057,0.666338,246.0
166400,0.188406,0.17841,0.698925,0.666465,246.0
166500,0.188427,0.178449,0.698791,0.666589,246.0
166601,0.18848,0.178657,0.698718,0.666594,246.0
166700,0.188313,0.178616,0.698627,0.666749,246.0
166800,0.188051,0.178539,0.698767,0.666697,246.0
166900,0.187893,0.178632,0.699216,0.666245,246.0
167000,0.187724,0.178701,0.699321,0.666164,246.0
167100,0.187941,0.178551,0.699232,0.666236,246.0
167201,0.187999,0.178455,0.699059,0.666427,246.0
167301,0.188122,0.178427,0.699281,0.666167,246.0
167400,0.188105,0.17821,0.699489,0.666011,246.0
167501,0.188299,0.178156,0.699406,0.666058,246.0
167600,0.188473,0.177859,0.699382,0.666114,246.0
167700,0.188554,0.177784,0.699723,0.665753,246.0
167801,0.188698,0.177433,0.700025,0.665488,246.0
167900,0.188896,0.177244,0.70011,0.665393,246.0
168000,0.188895,0.177303,0.699948,0.665547,246.0
168100,0.1888,0.177447,0.700024,0.665456,246.0
168200,0.188747,0.177579,0.699867,0.665601,246.0
168300,0.188751,0.177552,0.699568,0.665921,246.0
168401,0.188796,0.177583,0.699661,0.665802,246.0
168500,0.188649,0.177629,0.699627,0.665868,246.0
168600,0.188854,0.177569,0.699719,0.665729,246.0
168700,0.188844,0.177555,0.699566,0.665897,246.0
168800,0.188842,0.17751,0.699585,0.665889,246.0
168901,0.188613,0.177601,0.699585,0.66593,246.0
169000,0.188436,0.177792,0.699881,0.665618,246.0
169100,0.188369,0.177702,0.69997,0.665566,246.0
169200,0.188419,0.177807,0.699711,0.665797,246.0
169300,0.188293,0.177821,0.699781,0.665756,246.0
169401,0.188404,0.178133,0.69966,0.665767,246.0
169500,0.188788,0.17785,0.699484,0.66592,246.0
169600,0.188872,0.177817,0.69921,0.666193,246.0
169700,0.189109,0.177837,0.698956,0.666386,246.0
169801,0.189135,0.177986,0.698933,0.666364,246.0
169900,0.189194,0.177846,0.698871,0.666448,246.0
170000,0.189271,0.178013,0.698419,0.666856,246.0
170100,0.189302,0.178023,0.698136,0.667141,246.0
170200,0.189185,0.178183,0.698087,0.667182,246.0
170300,0.189258,0.17827,0.697976,0.667255,246.0
170401,0.189072,0.178233,0.697889,0.667409,246.0
170500,0.188864,0.178283,0.698133,0.667199,246.0
170600,0.188878,0.178199,0.698364,0.666975,246.0
170701,0.188751,0.178053,0.698726,0.666672,246.0
170800,0.188818,0.178129,0.698861,0.666491,246.0
170901,0.189012,0.178165,0.698669,0.666627,246.0
171001,0.18918,0.178089,0.698587,0.666685,246.0
171100,0.189237,0.177928,0.698466,0.666839,246.0
171200,0.189479,0.177867,0.698379,0.666878,246.0
171300,0.189681,0.177781,0.698176,0.667056,246.0
171401,0.189748,0.177712,0.698233,0.666996,246.0
171500,0.189678,0.177616,0.698256,0.667017,246.0
171600,0.18962,0.177666,0.698339,0.666934,246.0
171700,0.189836,0.177785,0.698288,0.666894,246.0
171802,0.189795,0.177616,0.698262,0.666978,246.0
171900,0.189932,0.177723,0.69797,0.667215,246.0
172000,0.189633,0.177715,0.697983,0.66729,246.0
172100,0.189459,0.177933,0.698241,0.66701,246.0
172201,0.189298,0.177826,0.698281,0.667043,246.0
172300,0.189235,0.177952,0.698337,0.666968,246.0
172400,0.18927,0.177978,0.698429,0.666856,246.0
172500,0.189337,0.177874,0.698538,0.66675,246.0
172601,0.189185,0.177815,0.698467,0.666883,246.0
172700,0.189056,0.177894,0.698679,0.666676,246.0
172800,0.189001,0.177957,0.698728,0.666624,246.0
172901,0.189022,0.177889,0.698825,0.666534,246.0
173001,0.188915,0.177766,0.698844,0.666577,246.0
173100,0.188915,0.177766,0.698844,0.666577,246.0
173201,0.188915,0.177766,0.698844,0.666577,246.0
173301,0.188915,0.177766,0.698844,0.666577,246.0
173400,0.188915,0.177766,0.698844,0.666577,246.0
173500,0.188915,0.177766,0.698844,0.666577,246.0
173600,0.188915,0.177766,0.698844,0.666577,246.0
173700,0.188915,0.177766,0.698844,0.666577,246.0
173801,0.188915,0.177766,0.698844,0.666577,246.0
173900,0.188915,0.177766,0.698844,0.666577,246.0
174000,0.188915,0.177766,0.698844,0.666577,246.0
